run_file,semantic_weight,attribute_weight,n_queries,mean_ndcg_at_10,mean_avg_at_10,mean_strict_at_10,delta_vs_best
ws50_wa50_sameparse.json,0.5,0.5,24,0.7115223506220306,2.2916666666666665,5.333333333333333,0.0
ws40_wa60_sameparse.json,0.4,0.6,24,0.7106942741514178,2.3,5.375,-0.0008280764706127819
ws70_wa30_sameparse.json,0.7,0.3,24,0.7097973494058092,2.2666666666666666,5.25,-0.0017250012162214334
ws55_wa45_sameparse.json,0.55,0.45,24,0.7097097647818051,2.3,5.333333333333333,-0.001812585840225478
ws35_wa65_sameparse.json,0.35,0.65,24,0.7091578825814848,2.2916666666666665,5.375,-0.0023644680405457974
ws45_wa55_sameparse.json,0.45,0.55,24,0.7075317373213489,2.283333333333333,5.291666666666667,-0.0039906133006817335
ws65_wa35_sameparse.json,0.65,0.35,24,0.7043678208899891,2.2583333333333333,5.208333333333333,-0.007154529732041559
ws30_wa70_sameparse.json,0.3,0.7,24,0.7038685830821467,2.275,5.333333333333333,-0.007653767539883893
ws60_wa40_sameparse.json,0.6,0.4,24,0.7032419554767165,2.2583333333333333,5.25,-0.00828039514531409
