Query ID,Query,Book ID,Title,Author,Words (萬),Status,Tags,Intro,Score (0-3),Comment
q1,"現在對於小說的要求越來越高了，
而且慢慢的發現現在除了狗糧基本上都看不進去，
連以很喜歡的異世界主題都看不進去了，
好想念從前那個什麼都可以看得很快樂的自己

說回主題，希望可以找到沒看過的狗糧系小說，
可以接受小刀，但一定要無黃毛無牛頭人，
但背景自帶沈重的例如「戀愛光譜」「刮鬍」這一類的也不喜歡，
黨爭就...看情況吧但其實我也一般般",3f323c6f-30ee-571a-a5a7-d7b08e5c5106,關於鄰家的天使大人不知不覺把我慣成了廢人這檔子事【Web版】,佐伯さん,75.3,連載,"校園, 青春, 戀愛, 歡樂向, syosetu, Web輕小說",藤宮周住的公寓鄰家住著學校人氣第一的可愛天使。椎名真晝優秀而貌美，以至於被喚作天使。而周是並無特別出彩之處的普通學生。他原本以為，雖然她是鄰居，但自己從過去到未來都不會和她扯上關係。這一想法，持續到了周遇見雨中濕透的天使為止。「人情我會還的。說起來，房間最好整理一下。簡直看不下去」「要你多管」天使大人說話有些嚴格。周與她的關係，從硬塞給她傘之後開始。她在周感冒時前來照料；指責周不愛護身體而來幫忙做飯；進行共同作業（打掃房間）；與周一起出門……真晝最初冷淡，而後逐漸變得開始撒嬌。周一開始消極怕麻煩，卻也不知何時敞開了心扉。這是不坦率的兩人逐漸走近的故事。,3,使用者明確要求「狗糧系」小說，且排斥牛頭人（NTR）及沈重背景。推薦的這本書是典型的校園純愛、甜寵作品，內容聚焦於男女主角互相照顧與感情升溫，完全符合「狗糧」且無沈重設定或背叛情節，極其符合使用者需求。
q1,"現在對於小說的要求越來越高了，
而且慢慢的發現現在除了狗糧基本上都看不進去，
連以很喜歡的異世界主題都看不進去了，
好想念從前那個什麼都可以看得很快樂的自己

說回主題，希望可以找到沒看過的狗糧系小說，
可以接受小刀，但一定要無黃毛無牛頭人，
但背景自帶沈重的例如「戀愛光譜」「刮鬍」這一類的也不喜歡，
黨爭就...看情況吧但其實我也一般般",2382b6d1-1c6f-522f-ae16-d6017b55b3f1,關於我在無意間被隔壁的天使變成廢柴這件事,佐伯さん,149.5,連載,"校園, 青春, 戀愛, 歡樂向, GA文庫, 日本輕小說",藤宮周所住公寓的隔壁，住著學校第一的美少女椎名真晝。自從周看到真晝在雨中淋得全身濕透而把傘借給她以後，原本並無交集的兩人便開始了奇妙的交流。真晝看不下去周自甘墮落的獨居生活，於是開始幫他做飯、打掃房間，在各方面照顧著周。真晝渴望家人間的聯繫，逐漸敞開心房，開始懂得撒嬌；然而，周沒有自信能接受她的好意。儘管兩人不夠坦率，仍然漸漸縮短彼此間的距離……本作於「成為小說家吧」網站獲得讀者們大力支持，為主角與冷淡卻可愛的鄰居間甜蜜而令人焦急的戀愛故事。,3,用戶明確要求尋找「狗糧系」小說，且排斥 NTR、牛頭人以及沈重的背景設定。推薦的小說《關於我在無意間被隔壁的天使變成廢柴這件事》是一部典型的純愛校園作品，劇情甜蜜、氣氛輕鬆，完全符合用戶對「狗糧」的需求且避開了所有雷點，是非常完美的匹配。
q1,"現在對於小說的要求越來越高了，
而且慢慢的發現現在除了狗糧基本上都看不進去，
連以很喜歡的異世界主題都看不進去了，
好想念從前那個什麼都可以看得很快樂的自己

說回主題，希望可以找到沒看過的狗糧系小說，
可以接受小刀，但一定要無黃毛無牛頭人，
但背景自帶沈重的例如「戀愛光譜」「刮鬍」這一類的也不喜歡，
黨爭就...看情況吧但其實我也一般般",b30c72c3-1358-5c56-8d82-51aca3b2f579,千萬不要心動啊,icet,3.3,連載,"校園, 青春, 戀愛, 青春日常, 華文輕小說",【慢熱高糖分，狗糧起搏器！】重新遇到自己小時的青梅竹馬是什麼體驗？我，萬里，作為一名合格且普通的男高中生。我，千希，作為一名優秀且怕生的女高中生。「為什麼，有這麼多奇奇怪怪的巧合啊！」千希：「根本...根本不敢看他的眼睛啊！......,3,用戶明確要求尋找「狗糧系」小說，且希望氛圍輕鬆、無 NTR、無沉重背景。推薦書籍標註為「高糖分」、「狗糧起搏器」，且主題為校園青梅竹馬的青春日常，完美符合用戶對純甜、輕快戀愛故事的需求。
q1,"現在對於小說的要求越來越高了，
而且慢慢的發現現在除了狗糧基本上都看不進去，
連以很喜歡的異世界主題都看不進去了，
好想念從前那個什麼都可以看得很快樂的自己

說回主題，希望可以找到沒看過的狗糧系小說，
可以接受小刀，但一定要無黃毛無牛頭人，
但背景自帶沈重的例如「戀愛光譜」「刮鬍」這一類的也不喜歡，
黨爭就...看情況吧但其實我也一般般",35040b47-e497-5c5c-96d1-519b04b43963,我可以對無比賢惠的妻子撒嬌嗎？,斧名田マニマニ,13.4,完結,"青春, 戀愛, syosetu, Web輕小說",「新山湊人君……！是，是否……能讓我成為你的妻子呢……？」被學園第一的美少女 花江凜戀 求婚，在莫名其妙的時候開始了我的新婚生活。我那非常可愛的妻子，每天都很高興地跟在我後面，甚至一刻也不想離開我身邊。在清潔、洗滌、烹飪、縫紉和一般家務方面都很完美，就像一個專業人士一樣，擁有妻子的所有技能。除此以外，她還非常投入。「為了湊人君能過一輩子快樂的生活，我試著通過投資積累了一筆財產。隨便花吧……!」這樣過度的服務也是家常便飯。此外，當我說一句表揚的話『太棒了』時，她就會像翻板一樣搖動她那看不見的尾巴，這很可愛。是的，在我面前的凜子，就像非常喜歡主人的小狗一樣。但是，不能自滿。這是契約結婚——。她並不是愛上我了。——明明是這樣，當我問她「為什麼要為我付出那麼多」時，她鼓起臉頰說道:「湊人，你太遲鈍了……」。呃……我們做的是契約結婚吧……?這是一個從零交往日結婚開始，只是一味幸福的單相思愛情故事。,3,用戶要求尋找純粹的「狗糧系」（甜寵）小說，明確排除 NTR（黃毛/牛頭人）以及沉重背景。推薦的小說描述為「一味幸福的單相思愛情故事」，且妻子對主角極其溫柔且全心全意，完全符合用戶對純甜、無壓力、無背叛的情節需求，是非常理想的匹配。
q1,"現在對於小說的要求越來越高了，
而且慢慢的發現現在除了狗糧基本上都看不進去，
連以很喜歡的異世界主題都看不進去了，
好想念從前那個什麼都可以看得很快樂的自己

說回主題，希望可以找到沒看過的狗糧系小說，
可以接受小刀，但一定要無黃毛無牛頭人，
但背景自帶沈重的例如「戀愛光譜」「刮鬍」這一類的也不喜歡，
黨爭就...看情況吧但其實我也一般般",61ca5a3e-9499-5033-9fc1-2d5688b902bc,與人氣聲優甜甜蜜蜜步入禮堂的戀愛喜劇,淺岡旭,17.7,連載,"職場, 青春, 戀愛, 歡樂向, 富士見文庫, 日本輕小說",與最喜歡的女性聲優一同度過，卿卿我我的新婚生活相崎優香，動畫業界的人氣聲優，通稱相醬。相醬那惹人喜愛的聲音超級可愛！但其實她在剛出道時，只是個沒什麼名氣的新人，身為真愛粉的本人在事務所內發誓要讓她成為人氣聲優後，我成為了她的經紀人。之後過了3年，手上的企劃案成功使她攀上人氣聲優的寶座，再我向她進行了愛的告白/求婚後 ，我們順利的結婚了！「謝謝你，經紀人……。一直以來都在背後支撐著我……。 我也喜歡你！」被最喜歡的她所依靠，引導她成為聲優業界No.1的經紀人生活正式拉開序幕！,3,用戶明確要求尋找「狗糧系」且無黃毛/NTR、無沉重背景的甜寵小說。推薦書籍為典型的甜美戀愛喜劇，描述經紀人與聲優的甜蜜新婚生活，標籤為「歡樂向」，完全符合用戶對純甜、無壓力閱讀的需求。
q1,"現在對於小說的要求越來越高了，
而且慢慢的發現現在除了狗糧基本上都看不進去，
連以很喜歡的異世界主題都看不進去了，
好想念從前那個什麼都可以看得很快樂的自己

說回主題，希望可以找到沒看過的狗糧系小說，
可以接受小刀，但一定要無黃毛無牛頭人，
但背景自帶沈重的例如「戀愛光譜」「刮鬍」這一類的也不喜歡，
黨爭就...看情況吧但其實我也一般般",17278069-fad9-59ae-91ff-382e5a020041,替雙親還債的條件是和全日本最可愛的女高中生一起生活,雨音惠,48.8,完結,"校園, 青春, 戀愛, 歡樂向, Fami通文庫, 日本輕小說",糖度300%的同居愛情喜劇。主人公吉住勇也被迫償還逃亡海外的父母留下的債務。拯救了這樣窮途末路的人生危機的是被選為日本最可愛女高中同級生一葉楓。但是那裡有內幕。作為代還借款的回報所要求的是——「償還借款的條件是————和我同居」「為什麼會變成這樣！？」以這一天為始點勇也的日常生活開始崩潰。「勇也君。一起洗澡吧」「勇也君。請成為我的抱枕」「適可而止啊一葉小姐！」雖是美少女卻很天然的一葉楓和認真而穩重的吉住勇也之間的愛情輕喜劇，在此開幕！,3,推薦書籍為糖度極高的同居戀愛喜劇，完全符合用戶對「狗糧系」小說的需求。且標籤為「歡樂向」，避開了用戶不喜歡的沈重背景，且無牛頭人（NTR）傾向，是非常契合的選擇。
q1,"現在對於小說的要求越來越高了，
而且慢慢的發現現在除了狗糧基本上都看不進去，
連以很喜歡的異世界主題都看不進去了，
好想念從前那個什麼都可以看得很快樂的自己

說回主題，希望可以找到沒看過的狗糧系小說，
可以接受小刀，但一定要無黃毛無牛頭人，
但背景自帶沈重的例如「戀愛光譜」「刮鬍」這一類的也不喜歡，
黨爭就...看情況吧但其實我也一般般",22514cde-e803-54cc-bdbe-34275650d8f8,好感度120%的北條同學似乎願意為我做任何事……,本田セカイ,22.0,完結,"校園, 歡樂向, 青春, 戀愛, 角川文庫, 日本輕小說",我能夠看見『別人對我的好感度』。話雖如此，大多數人都是止於『點頭之交』的40％左右，但是才貌雙全的千金小姐轉學生‧北條朱雀──對我的好感度居然高達120％!?在班上總是表現得很端莊的北條，在我面前卻是無比主動!!她沒事就跟我說「我只是想要握住你的手而已」，或是「我想要讓你欣賞我的ＣＯＳＰＬＡＹ打扮」。即使我和班上的現充女孩成為好朋友，她也只是輕描淡寫地說了一句：「你想和誰交朋友是你的自由。畢竟我深深地愛著你就好。」完全沒把這當成一回事!!而且，面對我提出的『無理要求』，北條居然真的願意聽從!?甚至斬釘截鐵地表示：「如果這就是你的願望的話，我沒有理由不聽從。」和好感度突破極限的通通肯定系女孩，共譜甜蜜的學園愛情喜劇!!,3,用戶希望尋找純粹的「狗糧」（甜蜜戀愛）小說，明確要求排除 NTR、牛頭人以及沈重的背景設定。推薦的書籍標籤為「歡樂向」、「戀愛」，內容描述為甜蜜的學園愛情喜劇，且女主角對男主角具有極高好感且絕對忠誠，完全符合用戶對輕鬆、甜蜜且無壓力戀愛故事的需求。
q1,"現在對於小說的要求越來越高了，
而且慢慢的發現現在除了狗糧基本上都看不進去，
連以很喜歡的異世界主題都看不進去了，
好想念從前那個什麼都可以看得很快樂的自己

說回主題，希望可以找到沒看過的狗糧系小說，
可以接受小刀，但一定要無黃毛無牛頭人，
但背景自帶沈重的例如「戀愛光譜」「刮鬍」這一類的也不喜歡，
黨爭就...看情況吧但其實我也一般般",d07bca35-ac7b-5b46-96b9-b7eb2ac4806d,即使平日里是正經的班長也能當你的女朋友嗎？,コイル,9.6,連載,"校園, 戀愛, 青春, 歡樂向, 電擊文庫, 日本輕小說",本應該一本正經的班長，卻只在兩人獨處的時候表現得超級可愛！我無論如何也沒法安分地呆在家裡，一到晚上就會去商業街打工。有一天，我幫助了被惡徒纏上的辣妹……而那個辣妹竟是班上的班長——吉野紗良同學！「總是緊繃著弦做事情也太累了，所以偶爾會『變身』成真實的自己」我們形成了擁有夥伴意識，彼此間能窺探真實一面的秘密朋友關係。「話雖如此，但沒想到上了高中還能和女孩子一起玩扔石頭的遊戲」「挺好的呀，非常開心哦！對了，我還想和你一起去粗點心店！」實際上，吉野同學非常地天真無邪，稚氣十足。一段真摯純樸、卻又帶點【不太妙】的朋友關係就此開幕！,3,使用者明確要求「狗糧系」且排除「沈重背景」與「NTR/黃毛」元素。推薦的小說標籤為「歡樂向」、「戀愛」，內容描述為純樸且甜美的校園秘密戀情，完全符合使用者想要輕鬆、甜蜜閱讀體驗的需求，且沒有任何沈重或負面元素。
q1,"現在對於小說的要求越來越高了，
而且慢慢的發現現在除了狗糧基本上都看不進去，
連以很喜歡的異世界主題都看不進去了，
好想念從前那個什麼都可以看得很快樂的自己

說回主題，希望可以找到沒看過的狗糧系小說，
可以接受小刀，但一定要無黃毛無牛頭人，
但背景自帶沈重的例如「戀愛光譜」「刮鬍」這一類的也不喜歡，
黨爭就...看情況吧但其實我也一般般",94958e14-0101-582b-b59b-8e1aa9f870ad,無論是飲酒還是和前輩女友的甜蜜同居戀愛喜劇都要從20歲之後才能開始,こばやJ,4.6,連載,"校園, 青春, 戀愛, 歡樂向, kakuyomu, Web輕小說",「我們，差不多該開始同居了吧？」在主人公·鈴木孝志的二十歲生日那天，既是同一所大學的前輩又是女朋友的大谷紅葉提出了這個意想不到的建議。而且，這還是雙親公認的同居，孝志對此感到十分困擾。跟平時很認真但是在男朋友面前卻十分嬌羞的紅葉同居也不是不行，同居生活對孝志來說充滿了魅力。就這樣雙親公認的與前輩女友的同居生活開始了。這段生活比孝志想像中更加甜蜜，但又充滿了想都沒想過的艱難之處……。微妙地處於孩子與大人分界線之間的有點過激的大學生戀愛喜劇開始了！！,3,用戶要求純粹的「狗糧」小說，且明確排斥 NTR、沉重背景和過多黨爭。推薦的小說是一部校園戀愛喜劇，主打甜蜜同居，標籤為「歡樂向」，完全符合用戶對輕快、甜蜜氛圍的需求，且沒有任何違背用戶禁忌的元素。
q1,"現在對於小說的要求越來越高了，
而且慢慢的發現現在除了狗糧基本上都看不進去，
連以很喜歡的異世界主題都看不進去了，
好想念從前那個什麼都可以看得很快樂的自己

說回主題，希望可以找到沒看過的狗糧系小說，
可以接受小刀，但一定要無黃毛無牛頭人，
但背景自帶沈重的例如「戀愛光譜」「刮鬍」這一類的也不喜歡，
黨爭就...看情況吧但其實我也一般般",d3a45ca7-aeef-58be-a2ef-e3fc11ab75e4,是啊，確實很可愛呢,刈野ミカタ,13.8,完結,"校園, 奇幻, 青春, 戀愛, 歡樂向, MF文庫J, 日本輕小說",煩人學妹女友與酷嬌學長男友之你們快點結婚吧戀愛喜劇！這本小說是甜寵戀愛喜劇──男女朋友剛開始交往時，兩人青澀時期的紀錄。男方是渡世戒理，17歲的高中一年級生（留級兩次）。他剛從兩年的長眠醒來，是個有隱情的少年。女方的名字是桑折那乃，16歲的高中一年級生。她喜歡化妝打扮和有趣的事物，是個有點煩人的美少女。這對情侶平常的對話大概如下……「學長～♪今天的我也特別可愛對吧～？你可以說些話讚美我哦～」「是啊，確實很可愛呢。」「～～（害羞）」「桑折？」「……你就是這一點讓人傷腦筋，學長！！」。這本書只是描述了有點脫線的學長，毫無自覺地寵愛女友，讓學妹女友害羞臉紅的故事。既沒有女角間的比拚，也沒有毀滅的危機，甜死人不償命的愛情喜劇，開幕。,3,使用者要求的是純粹的「狗糧」系小說，明確排除 NTR（黃毛）、沉重背景以及黨爭。推薦的書籍明確標記為「甜寵戀愛喜劇」，且簡介中特別強調「沒有女角間的比拚（無黨爭）」且「沒有毀滅的危機（不沉重）」，完全符合使用者的所有需求。
q2,"不好意思,最近異世界需求大了,很想看異世界的故事不一定要轉生類但劍與魔法是必需的.. 已有蜘蛛子了,目前在找一些已經有結局的異世界小說 原本想看哥布林殺手的但是還沒完結啊.....超不想看到一半被中斷了 至少至少...像刀劍那種完了SAO篇再換ALO的方式我還可以接受 請問還有什麼戰鬥類已完結的異世界小說可以推介呢?",2478dd3d-9c16-5e6a-96d5-8581098a7830,問題兒童都來自異世界?,龍之湖太郎,128.9,完結,"轉生, 奇幻, 鬥智, 遊戲, 戰鬥, 歡樂向, 角川文庫, 日本輕小說",對世界已經厭煩的逆回十六夜收到了一封邀請函。當他看清信中內容寫著：「望你捨棄一切，前來『箱庭』」的瞬間──他來到了完美無缺的異世界！眼前是帶著貓的沉默少女與態度高傲的大小姐，還有召喚他們的罪魁禍首──黑兔。當黑兔正在說明箱庭世界的規則時，十六夜卻突然表示：「來打倒魔王吧！」!?黑兔沒有拜託你做那種事情呀!!三個超級問題兒和黑兔的明天將會前往何方？,3,該書完全符合使用者對「異世界」、「劍與魔法」以及「戰鬥類」的核心需求，劇情圍繞在強大的主角於奇幻世界進行戰鬥與鬥智，與使用者的偏好高度一致。
q2,"不好意思,最近異世界需求大了,很想看異世界的故事不一定要轉生類但劍與魔法是必需的.. 已有蜘蛛子了,目前在找一些已經有結局的異世界小說 原本想看哥布林殺手的但是還沒完結啊.....超不想看到一半被中斷了 至少至少...像刀劍那種完了SAO篇再換ALO的方式我還可以接受 請問還有什麼戰鬥類已完結的異世界小說可以推介呢?",94aeb9e5-beeb-55b1-876e-382145f2c852,為美好的世界獻上祝福！,曉なつめ,231.0,完結,"轉生, 奇幻, 歡樂向, 戰鬥, 後宮, 角川文庫, 日本輕小說",喜愛遊戲的家裡蹲少年佐藤和真的人生突然閉幕……原本應該是如此，但是當他醒過來時，眼前出現一名自稱是女神的美少女。「你要不要去異世界？可以帶一樣喜歡的東西過去喔。」「那就選你吧。」轉生到異世界的和真就此展開大冒險……還以為是這樣，真相卻是為了滿足食衣住而努力工作！而且只想安穩度日的他，卻因為帶去的女神接二連三引發各種問題，甚至被魔王軍盯上了！？,2,該書符合使用者要求的「異世界」、「劍與魔法」以及「已完結」等條件。雖然標籤包含「戰鬥」，但其核心基調為「歡樂向/搞笑」，與使用者偏好的戰鬥類風格（如 SAO 或 哥布林殺手）有所差異，因此判定為部分符合。
q2,"不好意思,最近異世界需求大了,很想看異世界的故事不一定要轉生類但劍與魔法是必需的.. 已有蜘蛛子了,目前在找一些已經有結局的異世界小說 原本想看哥布林殺手的但是還沒完結啊.....超不想看到一半被中斷了 至少至少...像刀劍那種完了SAO篇再換ALO的方式我還可以接受 請問還有什麼戰鬥類已完結的異世界小說可以推介呢?",43c1d6f4-f5a6-59ee-bd4b-fda5b43df607,聖劍學院的魔劍使,志瑞祐,135.3,完結,"轉生, 校園, 奇幻, 戰鬥, 龍傲天, 後宮, MF文庫J, 日本輕小說",十歲少年竟是魔王轉生!?跨越千年，卻迎來魔術消失的世界——最強魔王轉生為十歲小孩!?與大姊姊們展開校園刀劍奇幻故事！最強的魔王雷歐尼斯為了迎接註定到來的決戰，封印了自身的存在。然而跨越千年時光蘇醒的他，竟然變回了十歲少年的模樣！「為什麼!?」「你怎麼被關在這裡？放心吧，姊姊會保護你的。」雷歐尼斯受到隸屬於〈聖劍學院〉的美少女黎榭莉亞保護，並對劇變的世界感到驚愕。未知的敵人〈虛獸〉、〈第零七戰術都市〉、以武器作為外形的異能之力——〈聖劍〉，儘管這些陌生的詞語讓他相當困惑，他依然進入了〈聖劍學院〉就讀。在魔術消失的未來世界中，由最強魔王與美少女們交織而成、聖劍與魔劍的校園刀劍奇幻故事揭開序幕！,3,該書符合使用者對「異世界/奇幻」、「劍與魔法」以及「戰鬥類」的核心需求。雖然使用者強調希望找已完結的作品，但根據評分指南，需忽略狀態（status）等硬性限制，僅針對語義和類型相關性進行評估，因此該書是一個極佳的匹配。
q2,"不好意思,最近異世界需求大了,很想看異世界的故事不一定要轉生類但劍與魔法是必需的.. 已有蜘蛛子了,目前在找一些已經有結局的異世界小說 原本想看哥布林殺手的但是還沒完結啊.....超不想看到一半被中斷了 至少至少...像刀劍那種完了SAO篇再換ALO的方式我還可以接受 請問還有什麼戰鬥類已完結的異世界小說可以推介呢?",5eb2234c-7aad-5452-bb2e-8e5954007ac5,末日時在做什麼？有沒有空？可以來拯救嗎？,枯野瑛,58.5,完結,"奇幻, 戰鬥, 黑暗, 末日, 戀愛, 人外, 角川文庫, 日本輕小說",「人類」遭到非比尋常的「獸」蹂躪而滅亡了。除了獨自從數百年沉眠中蘇醒的青年威廉以外。唯有「聖劍」與使用聖劍的妖精兵能代替「人類」打倒「獸」。戰鬥過後，「聖劍」能再次被他人使用，但用儘力量的妖精兵們卻會殞命。「至少，我也希望自己不用消失，也想讓別人記住。我也想留下羈絆啊。」這是註定赴死的妖精少女們和青年教官共度的，既短暫又燦爛的日子。★以人類滅亡後五百年的世界為舞台，妖精少女與人類青年共同經歷的日子。,3,該作品設定在奇幻世界，包含核心的「聖劍」與戰鬥元素，符合用戶要求的「劍與魔法」以及「戰鬥類」需求。此外，該系列小說已完結，完全滿足用戶希望看到結局、不想被中斷的核心訴求。
q2,"不好意思,最近異世界需求大了,很想看異世界的故事不一定要轉生類但劍與魔法是必需的.. 已有蜘蛛子了,目前在找一些已經有結局的異世界小說 原本想看哥布林殺手的但是還沒完結啊.....超不想看到一半被中斷了 至少至少...像刀劍那種完了SAO篇再換ALO的方式我還可以接受 請問還有什麼戰鬥類已完結的異世界小說可以推介呢?",279dba50-d53b-5a79-b8f3-2cecfd59c37e,Slayers！秀逗魔法士,神坂一,119.9,完結,"奇幻, 冒險, 戰鬥, 歡樂向, 富士見文庫, 日本輕小說",史上最平胸、魔法最強、脾氣最暴躁美少女魔導士－－莉娜‧因巴斯，亮麗登場！大家好，我是莉娜‧因巴斯。雖然這麼說未免有自誇之嫌，不過我可是身兼天才魔導士與戰士，天下無敵的美少女。踏上旅途四處漫遊的我，今天依然為了自己的興趣和收入，努力不懈地欺負盜賊。在這趟旅途中，我遇上本領高強的英俊劍士高里‧加布列夫，以及力量遠勝過人類極限的魔法劍士傑路剛帝士‧格雷瓦茲等可疑人物。充滿傳奇性的人物赤法師雷藏也跟著出現，令事態更加撲朔迷離。還有件更奇怪的事－－我搶來的寶物里，好像有一樣東西，暗藏著毀滅世界的秘密……。美少女咒文炸裂的奇想天外、幽默痛快奇幻小說。第一屆奇幻長篇小說大賞准入選得獎作品。,2,用戶明確要求「異世界」故事，且必須包含「劍與魔法」、「戰鬥類」及「已完結」。《秀逗魔法士》雖然完美符合劍與魔法、戰鬥以及已完結的條件，但它屬於傳統的高奇幻（High Fantasy）小說，而非現代定義上的「異世界（Isekai）」類（主角並非從地球轉移或轉生而來），因此缺失了核心的異世界設定，但其餘要素高度吻合。
q2,"不好意思,最近異世界需求大了,很想看異世界的故事不一定要轉生類但劍與魔法是必需的.. 已有蜘蛛子了,目前在找一些已經有結局的異世界小說 原本想看哥布林殺手的但是還沒完結啊.....超不想看到一半被中斷了 至少至少...像刀劍那種完了SAO篇再換ALO的方式我還可以接受 請問還有什麼戰鬥類已完結的異世界小說可以推介呢?",9476e959-88a0-54ac-8938-08c5a9ce396b,The ScrowMan ＆ FairyLolipops,物草純平,35.7,完結,"奇幻, 戰鬥, 後宮, 人外, 妹妹, 電擊文庫, 日本輕小說",這是某個雨天的發生的事——被不可思議的幻聽『螺絲的悲鳴』所惱的玖堂卓巳，得到了胸懷野心，欲求改革舊態依然的異世界「妖精鄉」的美麗的「翅族」公主·洛洛特的吻。作為「改革派」的急先鋒過於尖刻的洛洛特，樹敵太多。於是，以與她的接吻為契機，得到操縱奇妙妖精的能力的卓巳也被「保守派」的眾人盯上。強烈而危險，兇惡而調皮的妖精公主，與聽到『螺絲的悲鳴』的少年掀起的，異世界改革系奇幻故事，於此開幕。,2,該書符合使用者對「異世界」與「戰鬥」的需求，且屬於奇幻類作品。然而，使用者強調「劍與魔法是必需的」，而本書的核心設定在於操縱妖精的能力以及異世界改革，而非傳統的劍與魔法冒險，因此在核心需求的精確度上稍有不足。
q2,"不好意思,最近異世界需求大了,很想看異世界的故事不一定要轉生類但劍與魔法是必需的.. 已有蜘蛛子了,目前在找一些已經有結局的異世界小說 原本想看哥布林殺手的但是還沒完結啊.....超不想看到一半被中斷了 至少至少...像刀劍那種完了SAO篇再換ALO的方式我還可以接受 請問還有什麼戰鬥類已完結的異世界小說可以推介呢?",0b18523c-0ebf-59cc-8b64-1fad46abef2a,異世界拷問姬,綾里惠史,126.7,完結,"轉生, 奇幻, 戰鬥, 獵奇, 戀愛, 黑暗, MF文庫J, 日本輕小說",★轉生異世界成為黑髮S系美少女的僕人？★用刑具討伐惡魔的最惡最強反英雄傳說！「余之名為『拷問姬』伊莉莎白．雷．法紐，是高傲的狼，也是卑賤的母豬。」瀨名櫂人死後轉生至異世界，出現在他面前的人是絕世美少女伊莉莎白。她自稱「拷問姬」，還命令櫂人以隨從的身分侍奉她──然而櫂人一口回絕。伊莉莎白朝這樣的他丟出兩個選擇，那就是被「拷問」或是當「執事」。櫂人最後只好投降，被迫照顧伊莉莎白的生活起居，還得陪大罪人「拷問姬」完成她的使命──討伐十四階級的惡魔與祂們的契約者……？「噢，沒錯。余會跟狼一樣孤獨，有如母豬悲哀地獨自死去。」,3,該書符合異世界、戰鬥及奇幻設定，包含討伐惡魔的劇情，滿足使用者對「劍與魔法」與「戰鬥類」的核心需求。根據指南，不考慮完結狀態等硬性限制，其類型與主題高度相符。
q2,"不好意思,最近異世界需求大了,很想看異世界的故事不一定要轉生類但劍與魔法是必需的.. 已有蜘蛛子了,目前在找一些已經有結局的異世界小說 原本想看哥布林殺手的但是還沒完結啊.....超不想看到一半被中斷了 至少至少...像刀劍那種完了SAO篇再換ALO的方式我還可以接受 請問還有什麼戰鬥類已完結的異世界小說可以推介呢?",e00a37ff-00b8-537c-bfd7-094146acebdd,永遠的艾塞莉婭,三田村半月,20.1,完結,"轉生, 奇幻, 戰鬥, 後宮, 妹妹, 其他文庫, 日本輕小說","一個把現實中的人召喚到異世界的故事。那個異世界的「動力源」是mana,武器是叫EternitySword（永遠神劍）。雖然叫劍，但是可以有劍的形態，也可以有刀的、槍、雙劍形態。這四個形態毫無疑問是對應於4個主角們的。男主角手中的神劍是第四把，叫「求め」，開始的任務就是去解救被異世界人囚禁的義妹。轉自輕之國度",3,推薦書籍完全符合使用者要求的「異世界」、「劍與魔法」以及「戰鬥類」等核心需求。雖然使用者強調希望看到已完結的作品，但根據評分指南，應忽略狀態（status）等硬性約束，僅評估語義與類型的相關性，因此該書是非常理想的匹配。
q2,"不好意思,最近異世界需求大了,很想看異世界的故事不一定要轉生類但劍與魔法是必需的.. 已有蜘蛛子了,目前在找一些已經有結局的異世界小說 原本想看哥布林殺手的但是還沒完結啊.....超不想看到一半被中斷了 至少至少...像刀劍那種完了SAO篇再換ALO的方式我還可以接受 請問還有什麼戰鬥類已完結的異世界小說可以推介呢?",f525923c-3267-513c-b8c5-95a2f25e6eee,運用開掛魔術扭轉命運,月夜淚,60.8,完結,"奇幻, 冒險, 異世界, 後宮, syosetu, Web輕小說",男主遊戲高手，被神選去曾改編成遊戲（就是男主玩那款）的異世界，拯救曾經自己經過無數次輪迴仍無法拯救的少女…雖然說是開掛，其實男主轉生之後相當於Lv1，只是經驗豐富，所以不會和某孫子一樣無腦開掛…還是不錯的啦…,3,該書籍完全符合使用者要求的「異世界」設定以及「劍與魔法」的元素，且包含戰鬥與冒險內容，與使用者尋找的類型高度契合。雖然使用者提到希望是已完結作品，但根據評分指南需忽略狀態限制，僅就語義和類型相關性評分。
q2,"不好意思,最近異世界需求大了,很想看異世界的故事不一定要轉生類但劍與魔法是必需的.. 已有蜘蛛子了,目前在找一些已經有結局的異世界小說 原本想看哥布林殺手的但是還沒完結啊.....超不想看到一半被中斷了 至少至少...像刀劍那種完了SAO篇再換ALO的方式我還可以接受 請問還有什麼戰鬥類已完結的異世界小說可以推介呢?",fe614ebf-35a9-5b3a-acd7-296b36708974,金之瞳與鐵之劍,虛淵玄,9.4,完結,"奇幻, 戰鬥, 冒險, 講談社, 日本輕小說",龍與劍，以及令人炫目的魔法世界。為了得到「屠龍者」的稱號，充滿野心的戰士·塔烏，與無欲無求的魔法師·琦亞開始了他們的旅程。結下男人之間深厚羈絆的兩位冒險者，在開始不久的旅途中便遭遇到了——？！虛淵玄執筆，高河弓作畫的華麗繪卷！幻想類輕小說的全新篇章就此展開！,2,該書完全符合使用者要求的「劍與魔法」以及「戰鬥類」元素，且屬於奇幻冒險風格。雖然它是一部純奇幻小說而非典型的「異世界」（轉生或穿越）作品，但滿足了使用者對世界觀設定的核心需求。
q3,"可以幫忙推薦幾部跟這部風格類似的輕小說
這部吸引我的地方有幾個:
1.男女主角純愛堅定不移
2.各種甜蜜的打情罵俏劇情
3.異世界轉生戰鬥、魔法
4.中間雖然各種虐，但最後還是排除萬難再一起",e26708e2-127e-5de0-bb8a-ff05b33cce4c,英雄與賢者的轉生婚姻 ～與曾經的勁敵訂婚成為最強夫婦～,藤木わしろ,20.2,連載,"穿越, 魔法, 龍傲天, 校園, 戀愛, HJ文庫, 日本輕小說",由物理最強×魔法最強攜手帶來的夫婦無雙奇幻故事！！物理最強的青年英雄雷德，與魔法最強的美少女賢者艾露莉亞。兩人曾經作為敵對國家的宿敵不斷交鋒，直到艾露莉亞驟逝，這段關係才迎來落幕……然後，過了千年。雷德轉生到魔法至上的世界，雖然無法使用魔法，不過他依然保有前世的物理最強能力，並與同樣轉生的艾露莉亞再次相遇──「欸，雷德──希望你能和我結婚。」「…………啥？」兩人跨越千年的時光，成為了不自覺卿卿我我的最強夫婦。為了一決高下，他們決定一起進入王立魔法學院就讀!?,3,該推薦書籍高度符合用戶的需求：1. 兩人跨越千年的轉生之戀，展現了堅定的情感；2. 劇情包含「不自覺卿卿我我」的甜蜜互動；3. 具備異世界轉生、魔法與最強能力的戰鬥設定；4. 前世的死別（虐心）與今生的重逢訂婚（圓滿）符合用戶對情感起伏的需求。
q3,"可以幫忙推薦幾部跟這部風格類似的輕小說
這部吸引我的地方有幾個:
1.男女主角純愛堅定不移
2.各種甜蜜的打情罵俏劇情
3.異世界轉生戰鬥、魔法
4.中間雖然各種虐，但最後還是排除萬難再一起",7833bb45-650b-593d-b9b5-cdb89aea2cae,與勇者的你再一次由此開始,みかみてれん,12.1,完結,"奇幻, 魔法, 戰鬥, 冒險, 戀愛, 其他文庫, 日本輕小說",書店店員們絕佳好評！2019年最令人感動落淚的奇幻故事！這是未能獲得救贖的少女，以及一度接近放棄的青年，直到獲得幸福為止的物語──過去，勇者賽菈菲娜以生命為代價，拯救了世界。相對於此，曾是勇者同伴的獨臂青年約翰，現在則是在偏遠鄉村過著後悔的日子。因為，人稱劍神的約翰，選擇了逃走。──從王都前來拜訪約翰的使者，提出了「勇者還活著，如果你想救她的話，希望能與我們同行」的邀請。懷著一絲希望，約翰再度振作起來。這是未能獲得救贖的少女，以及一度接近放棄的青年，直到獲得幸福為止的故事──與身為勇者的你，再次從這裡開始。最令人感動的奇幻故事，在此揭開序幕!!,2,推薦書籍符合使用者對「純愛」、「異世界奇幻戰鬥」以及「經歷虐心後最終獲得幸福」的核心需求。雖然書籍設定為正統奇幻而非明確的「轉生」，且基調偏向感人落淚而非「甜蜜打情罵俏」，但整體情感走向與使用者要求的風格高度契合。
q3,"可以幫忙推薦幾部跟這部風格類似的輕小說
這部吸引我的地方有幾個:
1.男女主角純愛堅定不移
2.各種甜蜜的打情罵俏劇情
3.異世界轉生戰鬥、魔法
4.中間雖然各種虐，但最後還是排除萬難再一起",166d213b-f05c-5032-a83c-ac167919f254,轉生公主與天才千金的魔法革命,鴉ぴえろ,112.1,連載,"轉生, 魔法, 龍傲天, 百合, 女性視角, 富士見文庫, 日本輕小說",在童年時重拾前世記憶的公主．艾妮絲菲亞，因為無法使用魔法而遭貴族鄙視，但卻建立了獨特的魔法理論並一直獨自研究魔法。在某個機緣巧合下，艾妮絲菲亞撞見了天才公爵千金．尤菲莉亞遭剝奪王妃候補地位的場面。為了幫助尤菲莉亞重拾名譽，艾妮絲菲亞所選擇的方法竟是要對方跟她同居，一起研究魔法！？「尤菲，妳願意跟我來嗎？」「只要您不嫌棄，無論是去天涯海角，我都會陪在您身邊，艾妮絲殿下。」怪咖轉生公主與冰山美人天才千金的邂逅，將持續為這個國家、這個世界，還有兩人的未來帶來變化。王宮百合奇幻物語，就此揭幕！,1,該書雖然滿足了異世界轉生、魔法設定以及純愛堅定、排除萬難的情節，但使用者明確要求的是「男女主角」的純愛，而此書為「百合（女性 x 女性）」設定，核心角色關係與使用者的需求不符。
q3,"可以幫忙推薦幾部跟這部風格類似的輕小說
這部吸引我的地方有幾個:
1.男女主角純愛堅定不移
2.各種甜蜜的打情罵俏劇情
3.異世界轉生戰鬥、魔法
4.中間雖然各種虐，但最後還是排除萬難再一起",db9afaf0-be63-58a1-8cc4-8f429f400621,這是你與我的最後戰場，或是開創世界的聖戰,細音啟,196.8,連載,"奇幻, 戰鬥, 戀愛, 富士見文庫, 日本輕小說",坐擁強大科學力量的帝國，以及以「魔女之國」的威名受到世人畏懼的涅比利斯皇廳。在沒有盡頭的兩國戰場上，少年與少女相遇了。以史上最低齡晉陞帝國最強戰力的劍士──伊思卡。被稱為皇廳最強的寒冰魔女公主──愛麗絲莉潔。「若逮得住本小姐，你說不定真能實現自己的夢想呢。」「你才應該將我打倒，好讓你能在統一世界的路上前進啊。」兩人以宿敵的身分展開了廝殺。然而，少年被少女的美貌和高潔的姿態奪走了心，少女也迷上了少年的強大和生存之道。即便兩人無法並肩而行，唯能戰至一方倒下──相互敵對的少年少女，將展開革新世界的英雄傳奇！,2,這部作品在純愛、打情罵俏以及奇幻戰鬥等情感與風格上高度符合使用者需求，且具有「身分對立但感情堅定」的虐戀元素。唯一不符之處在於本作是原生奇幻設定，而非使用者提到的「異世界轉生」。
q3,"可以幫忙推薦幾部跟這部風格類似的輕小說
這部吸引我的地方有幾個:
1.男女主角純愛堅定不移
2.各種甜蜜的打情罵俏劇情
3.異世界轉生戰鬥、魔法
4.中間雖然各種虐，但最後還是排除萬難再一起",0796ace6-735c-513d-8d30-27369896da93,轉生成惡役千金的我與轉生成惡役王子的吾,秋作,47.5,連載,"奇幻, 轉生, 戀愛, 惡役, 異世界, kakuyomu, Web輕小說",轉生成惡役的「我」和「吾」，為了避免悲劇結局而訂下婚約！？轉生成小說中的惡役千金及惡役王子的「我（克拉莉絲）」和「吾（艾迪亞爾德）」。原作中的兩人，對身為主角的勇者和聖女心生嫉妒，走向墮落於黑暗之中的命運！為了避免破滅的結局，並對抗最後的頭目，他們開始走與原作不同的道路。他們彼此並不知道對方也是轉生者，但還是訂下婚約，並逐漸心意相通…… 「我（吾）絕不會讓這個人成為那個惡役王子（千金）！」陷入愛河的兩人，命運之輪似乎開始產生了變化，不再按照原定的軌道運轉──！,3,推薦書籍高度符合使用者的需求：包含異世界轉生、魔法戰鬥（對抗最終BOSS），且劇情核心在於男女主角為了避免原著的悲劇命運而彼此扶持、心意相通，滿足了純愛、甜蜜互動以及排除萬難在一起的設定。
q3,"可以幫忙推薦幾部跟這部風格類似的輕小說
這部吸引我的地方有幾個:
1.男女主角純愛堅定不移
2.各種甜蜜的打情罵俏劇情
3.異世界轉生戰鬥、魔法
4.中間雖然各種虐，但最後還是排除萬難再一起",d894700e-298d-5729-b19d-c203b0a8ad10,如果明天，這個世界就會終結,漆原雪人,20.3,連載,"轉生, 魔法, 戰鬥, 校園, 戀愛, 末日, 角川文庫, 日本輕小說",對這個走向終焉的世界，少女許下心愿。被曾經那位英雄(那個人)所熱愛，且拯救的這個世界。壽命僅剩大約一年。縱使，需要以我的死亡來拯救這個世界——「大咲空先生，拜託了，能請你拯救這個世界嗎？」「你是曾經拯救過這個世界的，『英雄的轉世』」對這個走向終焉的世界，少年捫心自問。回想被召喚來這個世界以後，與少女(尤莉)度過的每一天。有些冒失、愛鬧彆扭，但她偶爾展露的笑容又令我感到欣喜——這個世界，與唯一珍視的女孩子。如果只能拯救其中一方——,3,推薦書籍完全符合使用者要求的轉生、魔法與戰鬥設定，且劇情核心聚焦於男女主角在世界末日背景下的深厚感情與痛苦抉擇，高度契合「純愛」、「虐心」以及「排除萬難在一起」的風格需求。
q3,"可以幫忙推薦幾部跟這部風格類似的輕小說
這部吸引我的地方有幾個:
1.男女主角純愛堅定不移
2.各種甜蜜的打情罵俏劇情
3.異世界轉生戰鬥、魔法
4.中間雖然各種虐，但最後還是排除萬難再一起",81359aad-8a45-569e-af05-48178b37bbfa,戀愛至上都市的雙騎士,筱宮夕,30.5,完結,"奇幻, 戰鬥, 歡樂向, 戀愛, 富士見文庫, 日本輕小說",最強的雙騎士勇也及藍葉被派去執行任務的世界──竟是戀愛產生的情愫會轉變為高強力量的「戀愛至上都市」！背負眾人期待，必須討伐「魔王」的兩人，為了戰鬥不得已……「請溫柔地抱緊我吧。」在戰鬥時擁抱，或是「學長，你的臉靠好近……我還沒做好心理準備。」被迫練習壁咚，甚至「這套戰鬥服的裙子也太短了……！」被迫穿上差點走光的衣服！總是用高傲的態度掩飾內心好感，其實很喜歡勇也的藍葉，都快藏不住自己的臉紅心跳了──！,2,該書符合用戶要求的「異世界/奇幻戰鬥、魔法」以及「甜蜜打情罵俏」的元素。男女主角之間有明顯的感情線且屬純愛傾向。雖然簡介中沒有明確提到「中間虐心」的劇情轉折，但整體風格與用戶追求的戰鬥+戀愛組合高度契合。
q3,"可以幫忙推薦幾部跟這部風格類似的輕小說
這部吸引我的地方有幾個:
1.男女主角純愛堅定不移
2.各種甜蜜的打情罵俏劇情
3.異世界轉生戰鬥、魔法
4.中間雖然各種虐，但最後還是排除萬難再一起",6eacb1fb-2586-5d01-8f94-e1fdfa6fb02c,英雄與魔女的轉生戀愛喜劇,雨宮和希,15.5,連載,"轉生, 校園, 戀愛, 歡樂向, 青梅竹馬, 青春, 講談社, 日本輕小說",平凡的高中生·白石護道有個『秘密』——那就是他擁有前世的記憶。在與這裡不同的另一個世界，護道曾是拯救人類的『英雄』。儘管如此，這也是前世的事情了。今世本應過著非常普通的學生生活，但由於班裡出現的轉校生椎名麻衣，平凡的日子徹底改變了。她和護道一樣是個轉生者，是曾經讓異世界陷入災難的『魔女』。雖然在前世兩人互相殘殺過好幾次，護道尋思著事到如今又有何貴幹呢，麻衣說道：「——沒有你，我就活不下去！」「……啊？」第11回講談社輕小說文庫新人獎《佳作》獲獎作。從異世界轉生到現代日本的老好人英雄和廢柴魔女扭曲的青春戀愛喜劇！,2,該書符合「轉生」、「戀愛」以及「前世有虐心經歷（互相殘殺）」的設定，且標榜為戀愛喜劇，符合打情罵俏的需求。然而，用戶明確要求「異世界轉生戰鬥、魔法」，而本書的主舞台是現代校園（反向轉生），戰鬥與魔法僅為前世背景而非故事主體，因此在場景設定上與用戶需求有落差。
q3,"可以幫忙推薦幾部跟這部風格類似的輕小說
這部吸引我的地方有幾個:
1.男女主角純愛堅定不移
2.各種甜蜜的打情罵俏劇情
3.異世界轉生戰鬥、魔法
4.中間雖然各種虐，但最後還是排除萬難再一起",9b6a2798-cfaa-58fd-bfc9-e12286f01b15,一切結束之後，我與吸血鬼的故事,kevinjin,7.5,連載,"戀愛, 異世界, 奇幻, 歡樂向, 原生幻想, 華文輕小說",儘管付出了慘重的代價，但魔王被勇者一行成功討伐，世界恢複了和平——但對於日野遙來說，這一切才剛剛開始魔王討伐結束後，日野遙退出勇者隊伍，開始以冒險者的身份造訪王都周遭的高級遺迹。不久後，在一座遺迹中制服了前來刺殺他的魔王軍殘黨，吸血鬼莉艾琳娜陰差陽錯之下，遙決定用莉艾琳娜當實驗體，測試一下剛剛得到的魔導書，但遙不知道，一向謹慎的他，因為這個決定，將兩人今後的命運，以一種色色的形式，牢牢綁在了一起「……嗚，我絕對，絕對要殺了你！」「所以說，吃著飯就不要講話了，會嗆到的……」——於是，偶爾日常，偶爾歡笑，偶爾哭泣，偶爾色色轉生者魔法師x傲嬌吸血鬼，1200%不正經的甜蜜故事，開幕！,2,該書高度符合使用者對「異世界轉生」、「魔法」以及「男女主角打情罵俏」的需求（傲嬌吸血鬼與魔法師的互動）。雖然提到有「偶爾哭泣」的情節，但其整體基調標榜為「歡樂向」且「1200%不正經」，與使用者強調的「中間各種虐」之強烈情感衝突略有差異，但核心元素大部分吻合。
q3,"可以幫忙推薦幾部跟這部風格類似的輕小說
這部吸引我的地方有幾個:
1.男女主角純愛堅定不移
2.各種甜蜜的打情罵俏劇情
3.異世界轉生戰鬥、魔法
4.中間雖然各種虐，但最後還是排除萬難再一起",e87464cf-c1f4-5e2a-81ae-7a707af1a908,德爾菲尼亞戰記,茅田砂胡,286.5,完結,"奇幻, 冒險, 戰爭, 戀愛, 性轉, 轉生, 異世界, 其他文庫, 日本輕小說",被刺客追襲的飄泊戰士渥爾，與從異世界而來的迷途少女莉，兩個孤獨的戰士在刀鋒之中偶然相遇了。德爾菲尼亞王國的未來。與阿貝爾德倫大陸的命運因此而有劇烈的改變！被後世稱為「獅子王」與「姬將軍」的兩人冒險故事從此展開……,2,該作品符合異世界轉生、戰鬥與戀愛的元素，且男女主角在戰爭中建立深厚羈絆並克服困難，滿足了用戶對「排除萬難在一起」和「異世界戰鬥」的需求。然而，此作風格偏向嚴肅的戰爭史詩，與用戶特別強調的「甜蜜打情罵俏」氛圍有所出入，因此判定為部分匹配。
q4,"由於自己的胃口比較獨特的原因，喜歡男主被拋置於各種不利的情節或者感情中，也是因為這樣，喜歡看那些讓人看完后心緒難以平靜的小說，就我看過的來說，無職，re0，妹妹人生，異世界迷宮最深等，在某種程度上來說都有慘烈的一部分（感情上或者情節上都是），也沒有一定要轉生異世界，現實日常要是能描繪出這些來也很好了。
尤其那種男主能不斷被放置在痛苦或者恐懼之中，一邊流露出作者思考的文字的小說，再好不過。",86980959-20d1-5936-a774-8ac7b0abd6f0,龍背上的騎兵,映島巡,12.1,完結,"奇幻, 戰鬥, 復仇, 黑暗, 戀愛, 其他文庫, 日本輕小說",任憑翅膀閃耀著光芒，巨大的飛鳥在空中翩翩起舞。一層稀薄的雲彩飄浮在蔚藍的天空中，抬眼望去，每個方位都是那麼寬廣。美麗，彷彿與其正下方的光景並不屬於同一個世界。此起彼伏的怒號抑或夾帶著血霧的飛沬，都無法沾染到它的任何角落，肆意飛揚的沙塵。也難以遮蔽這一獨好的視野。,2,用戶的核心需求是希望看到男主角處於極端不利、痛苦或情感慘烈的情境中（如《Re:Zero》或《妹妹人生》）。《龍背上的騎兵》標記有「黑暗」與「復仇」，且其世界觀殘酷，主角在成長過程中確實經歷了許多艱難與不幸，符合用戶對「不利情節」和「黑暗氛圍」的偏好，但相較於用戶舉例的極端心理折磨類作品，其傾向於正統的黑暗奇幻冒險，情感衝擊的性質略有不同。
q4,"由於自己的胃口比較獨特的原因，喜歡男主被拋置於各種不利的情節或者感情中，也是因為這樣，喜歡看那些讓人看完后心緒難以平靜的小說，就我看過的來說，無職，re0，妹妹人生，異世界迷宮最深等，在某種程度上來說都有慘烈的一部分（感情上或者情節上都是），也沒有一定要轉生異世界，現實日常要是能描繪出這些來也很好了。
尤其那種男主能不斷被放置在痛苦或者恐懼之中，一邊流露出作者思考的文字的小說，再好不過。",41e2fd1f-37ab-5157-85e2-11c63c1a561b,異世界迷宮探索者,サカモト666,49.4,完結,"轉生, 冒險, 復仇, 黑暗, 獵奇, 其他文庫, 日本輕小說",有一天高中生武田順平因為「神」的一時興起被召喚到異世界，作為祭品被推入了兇惡的迷宮裡。在生還率為零的怪物迷宮內，順平做好了死的覺悟，但他想出了起死回生的妙計。找到通往迷宮活路的最弱迷宮，開始了對叛徒們的復仇。網上超人氣的，從窮途末路中爬出來的幻想小說，期待已久的文庫化！,3,使用者明確表示喜歡男主處於不利、痛苦或恐懼的情節（如《Re:Zero》或《異世界迷宮最深》），且追求看完後心緒難平的慘烈感。推薦書籍描述男主被作為祭品丟入生存率為零的迷宮，且標籤包含「黑暗」、「獵奇」與「復仇」，其設定完全符合使用者對男主被置於極端困境與痛苦之中的核心需求。
q4,"由於自己的胃口比較獨特的原因，喜歡男主被拋置於各種不利的情節或者感情中，也是因為這樣，喜歡看那些讓人看完后心緒難以平靜的小說，就我看過的來說，無職，re0，妹妹人生，異世界迷宮最深等，在某種程度上來說都有慘烈的一部分（感情上或者情節上都是），也沒有一定要轉生異世界，現實日常要是能描繪出這些來也很好了。
尤其那種男主能不斷被放置在痛苦或者恐懼之中，一邊流露出作者思考的文字的小說，再好不過。",79777d60-de70-5c25-8008-bc7040dad4a1,願你手擁幸福,ショーン田中,12.0,連載,"奇幻, 戰鬥, 黑暗, 復仇, 病嬌, 後宮, 青梅竹馬, 其他文庫, 日本輕小說",──啊，與其回到過去，我寧願去死。冒險者路易斯所過的是慘敗者般的生活。每天都遭受本應是他同伴的隊伍成員的虐待。一切都與他所嚮往的、成為英雄或勇者的道路相去甚遠。某天，他收到一神秘黑影的邀請，並忽然被他送至過去。‍‌‌‍‍‌‌‍‍‍‌‌‌‍‌‍‍‍‍黑影告訴他，這種機會僅有一次。他心生渴望──渴望這次一定要手擁尊嚴、榮耀以及心愛之人。但是，命運之神不容許那種事發生。同大型魔獸作戰、襲擊貴族府邸、與勇者一同完成委託──與路易斯的想法相悖，他總是被捲入幫助他人的情況當中。不知不覺中，事態朝著與他的願望截然相反的方向發展，那些在他上一世中是他同伴的少女們漸漸對他心生出扭曲的執著及愛意。這是一部陰暗、熱血，為了雪恥，逆轉一切的復仇幻想劇！,3,使用者明確表示喜歡男主角處於痛苦、恐懼或不利的情境中，並追求能讓心緒難平的沉重氛圍。推薦書籍中，男主角前世遭受同伴虐待，重生後雖想改變卻被命運捉弄，且面臨病嬌少女扭曲的執著，完全符合使用者對「男主被放置於不利情節」以及「陰暗、心緒難平」的需求。
q4,"由於自己的胃口比較獨特的原因，喜歡男主被拋置於各種不利的情節或者感情中，也是因為這樣，喜歡看那些讓人看完后心緒難以平靜的小說，就我看過的來說，無職，re0，妹妹人生，異世界迷宮最深等，在某種程度上來說都有慘烈的一部分（感情上或者情節上都是），也沒有一定要轉生異世界，現實日常要是能描繪出這些來也很好了。
尤其那種男主能不斷被放置在痛苦或者恐懼之中，一邊流露出作者思考的文字的小說，再好不過。",daa3d018-53db-5c62-8886-f0b3409ec8fa,女主角們都想殺掉我,김마모,81.0,連載,"奇幻, 冒險, 黑暗, 群像, 後宮, 魔法, 病嬌, 戀愛, 校園, 青梅竹馬, other, 韓國輕小說",為了拯救陷入絕望的黑暗幻想遊戲世界，我強忍淚水毀滅了世界，並殺死魔王而得以回歸。現在，我打算利用「回歸特權」賜予我的系統視窗來拯救世界……但很不幸地，女主角們也覺醒了上一周目的記憶。真是該死。,3,使用者明確表示喜歡男主被置於不利、痛苦或恐懼的情節與感情中（如 Re:0）。推薦書籍的設定是男主回歸後，女主角們覺醒記憶且都想殺掉他，這種「被全世界/親近之人追殺」的病嬌設定，能提供強烈的壓迫感與恐懼感，高度符合使用者對男主處於不利境遇與心理折磨的偏好。
q4,"由於自己的胃口比較獨特的原因，喜歡男主被拋置於各種不利的情節或者感情中，也是因為這樣，喜歡看那些讓人看完后心緒難以平靜的小說，就我看過的來說，無職，re0，妹妹人生，異世界迷宮最深等，在某種程度上來說都有慘烈的一部分（感情上或者情節上都是），也沒有一定要轉生異世界，現實日常要是能描繪出這些來也很好了。
尤其那種男主能不斷被放置在痛苦或者恐懼之中，一邊流露出作者思考的文字的小說，再好不過。",1391ffe5-03c6-5c8d-a2c0-f1bc1c47cb80,暮蟬悲鳴之時 解,龍騎士07,175.2,完結,"校園, 懸疑, 犯罪, 驚悚, 黑暗, 獵奇, 遊戲劇本, 日本輕小說",特別說明：因為解篇的文庫本翻譯比較零散，大量篇章不齊全，故解篇本站使用遊戲劇本提取漢化版代替——文庫本根據遊戲劇本改編而成，劇情上而言，兩者並無區別。謎題全部解開了！「暮蟬悲鳴之時」解篇，揭開序幕！時間回溯到那起悲慘事件侵襲雛見澤村的前一年──昭和五十七年夏初，園崎詩音從死板拘束的千金學校逃走後，在興宮鎮上遇見了北悟史。雖然悟史笨手笨腳的，但他卻是個很為妹妹著想，個性又親切爽朗的人。詩音很快就受這樣的他所吸引。不過，在神秘慶典「綿流」那晚過後，悟史的「家庭狀況」卻突然產生劇變……此時此刻，壯烈的悲劇火種全都蔓延開來了！以嶄新手法表現出各種可能性，結合多重的謎團將故事的恐怖感提升到全新境界！席捲各大媒體平台的「暮蟬悲鳴之時」謎題全都解開了！,3,用戶明確表示喜歡男主處於不利、痛苦、恐懼的情境，以及能帶來強烈情緒波動（心緒難以平靜）的慘烈故事。推薦的《暮蟬悲鳴之時》以心理恐怖、無限輪迴的悲劇以及角色在絕望中的掙扎著稱，其黑暗、獵奇與悲劇的元素完全符合用戶對「慘烈」和「痛苦」的追求，與用戶提到的《Re:Zero》等作品在精神核心上高度一致。
q4,"由於自己的胃口比較獨特的原因，喜歡男主被拋置於各種不利的情節或者感情中，也是因為這樣，喜歡看那些讓人看完后心緒難以平靜的小說，就我看過的來說，無職，re0，妹妹人生，異世界迷宮最深等，在某種程度上來說都有慘烈的一部分（感情上或者情節上都是），也沒有一定要轉生異世界，現實日常要是能描繪出這些來也很好了。
尤其那種男主能不斷被放置在痛苦或者恐懼之中，一邊流露出作者思考的文字的小說，再好不過。",4eca51f5-f735-559f-8992-682920e8f867,暗之部屋,唐邊葉介,12.3,完結,"黑暗, 遊戲劇本, 日本輕小說",文庫註明:原是被出版社禁止出版的小說，經作者本人的整理製作成了同人遊戲，這是遊戲提取漢化文本。精太郎被母親幽閉在用木板封住任何縫隙，不透進一絲外界光亮的高級公寓中長大，以至於他與外面的世界完全脫節，常年遵循著母親在這個小小的世界中制定的規矩生活著。在母親死後，他終於獲救。在療養院中初步適應外界的空氣後，精太郎被叔母領養了。但他沒想到的是，身體走出了那個沒有亮光的世界，但自己的心靈卻依舊被幽閉在一片黑暗之中…,3,用戶明確表示喜歡男主角處於不利情節、痛苦、恐懼或情感慘烈的小說。推薦書籍《暗之部屋》描述了男主角長期被幽閉、與外界脫節的極端不幸處境，以及獲救後依然深陷心理陰影的痛苦狀態，完全符合用戶對於「男主被放置在痛苦中」以及「心緒難以平靜」的核心需求。
q4,"由於自己的胃口比較獨特的原因，喜歡男主被拋置於各種不利的情節或者感情中，也是因為這樣，喜歡看那些讓人看完后心緒難以平靜的小說，就我看過的來說，無職，re0，妹妹人生，異世界迷宮最深等，在某種程度上來說都有慘烈的一部分（感情上或者情節上都是），也沒有一定要轉生異世界，現實日常要是能描繪出這些來也很好了。
尤其那種男主能不斷被放置在痛苦或者恐懼之中，一邊流露出作者思考的文字的小說，再好不過。",4a8d7507-464a-5c50-a215-792a1b936ccb,不可逆性加虐,野水はた,24.0,完結,"百合, JK, 黑暗, kakuyomu, Web輕小說",從欺凌者和被欺凌者重逢的那天起，兩人的日常便開始走向瘋狂。刺傷、勒緊、灼燒、溺水。儘管如此依舊無法分開，因為互為彼此唯一的依靠。「想要你……再對我做那天的事」「我一直想為傷害了你而道歉」「我喜歡疼痛」「我想贖罪。已經不會再做那種事了」「那麼，我可要說出去了哦？瑠莉醬的秘密」「――――」人，是無法改變的。不正常的我，與不正常的瑠莉醬。那天徹底誤入歧途的我們，從一開始就註定走向這樣的結局。「所以，今天也會答應我的請求吧……對吧？」在廁所隔間里，在空無一人的教室里，在我的房間里……我們延續著那一天的故事。,2,使用者明確表示喜歡「男主」被置於痛苦、恐懼或不利的情節中，且追求看完後心緒難以平靜的沉重感。推薦書籍《不可逆性加虐》在「黑暗」、「虐待」、「精神折磨」以及「令人不安」的氛圍上與使用者的胃口高度契合，但該書為「百合」作品（女性主角），未能滿足使用者對「男主」的特定偏好。因此，雖然主題氛圍完全匹配，但在角色設定上有所偏差。
q4,"由於自己的胃口比較獨特的原因，喜歡男主被拋置於各種不利的情節或者感情中，也是因為這樣，喜歡看那些讓人看完后心緒難以平靜的小說，就我看過的來說，無職，re0，妹妹人生，異世界迷宮最深等，在某種程度上來說都有慘烈的一部分（感情上或者情節上都是），也沒有一定要轉生異世界，現實日常要是能描繪出這些來也很好了。
尤其那種男主能不斷被放置在痛苦或者恐懼之中，一邊流露出作者思考的文字的小說，再好不過。",035f78c1-a220-5efd-9f7e-f309f0eb1cec,愛的禁行式,本谷有希子,9.0,完結,"戀愛, 黑暗, 妹妹, NTR, 其他文庫, 日本輕小說",「如果不把你的人生也糟蹋掉，那我出生在這個世上就沒有意義了。」以「兄妹」相稱的二人。「復仇」、「偷窺」、「憎恨」凝成曖昧的薄冰。他們小心翼翼地行走其上，步步維艱。就算輕薄的假象被殘忍撕裂。也要假裝閉上眼。假裝看不見。假裝正常。假裝可以。「你會後悔和我這種男人扯上關係嗎？」「我不後悔喔。」只要我還是受到憎恨的對象，哥哥就永遠不會離開我。,3,用戶明確表示喜歡男主角處於痛苦、不利或情感慘烈的境地，並提到過《妹妹人生》這類作品。推薦書籍《愛的禁行式》具有「黑暗」、「憎恨」及病態的兄妹關係等元素，簡介中提到的「糟蹋人生」與情感上的撕裂感，高度契合用戶對於「心緒難以平靜」以及「男主被放置於痛苦之中」的核心需求。
q4,"由於自己的胃口比較獨特的原因，喜歡男主被拋置於各種不利的情節或者感情中，也是因為這樣，喜歡看那些讓人看完后心緒難以平靜的小說，就我看過的來說，無職，re0，妹妹人生，異世界迷宮最深等，在某種程度上來說都有慘烈的一部分（感情上或者情節上都是），也沒有一定要轉生異世界，現實日常要是能描繪出這些來也很好了。
尤其那種男主能不斷被放置在痛苦或者恐懼之中，一邊流露出作者思考的文字的小說，再好不過。",1c8617bf-5f6f-55eb-b207-559585a64725,夢與罪惡的扎克厄彼斯,弗蘭茲·K,8.1,完結,"奇幻, 黑暗, 穿越, 冒險, 後宮, 原生幻想, 華文輕小說",這是一個充滿了荒誕與諷刺的故事。主角「權亦寧」在現實生活瀕臨絕望時，誤入了一個全新的世界，開始了一段全新的生活。隨之而來的，是能夠找到至親妹妹的希望，以及掙扎於這可怕世界的絕望。在這個新世界中，名為「詛咒」的神秘力量肆意剝奪人們的生命，人類必須對抗深淵之下的怪物，並從深淵中獲取賴以生存的資源。身為普通人的主角，將會在這個世界中開展一段怎樣的冒險，而這個世界中又蘊藏著怎樣的秘密。也許，答案出乎意料地簡單……,3,用戶明確表示喜歡男主處於不利境地、痛苦、絕望且能帶來情感衝擊的作品（如 Re:Zero 等）。推薦書籍標記為「黑暗」，且簡介中多次提到「絕望」、「可怕的世界」以及在絕望中掙扎，其基調與用戶追求的「慘烈」與「心緒難以平靜」高度契合。
q4,"由於自己的胃口比較獨特的原因，喜歡男主被拋置於各種不利的情節或者感情中，也是因為這樣，喜歡看那些讓人看完后心緒難以平靜的小說，就我看過的來說，無職，re0，妹妹人生，異世界迷宮最深等，在某種程度上來說都有慘烈的一部分（感情上或者情節上都是），也沒有一定要轉生異世界，現實日常要是能描繪出這些來也很好了。
尤其那種男主能不斷被放置在痛苦或者恐懼之中，一邊流露出作者思考的文字的小說，再好不過。",1df5cd13-a685-5303-bc7b-b0aba3693026,絕望的世界,宮谷俊二,1.9,完結,"青春, 黑暗, 其他文庫, 日本輕小說",男主角在學校里受盡了欺負，對他來說妹妹才是自己的心靈唯一可以停靠的港灣。然而……,3,用戶明確表示喜歡男主角處於痛苦、恐懼或不利境地且情感衝擊強烈的小說。推薦書籍《絕望的世界》從標題、標籤（黑暗）以及簡介（校園欺凌、唯一精神寄託的危機）來看，高度符合用戶對於「慘烈」、「被放置在痛苦中」的核心需求。
q5,"如題，想找像是overlord、無職這種，有龐大世界，多個國家部落，文化特色分明，歷史背景完整，沉浸感和史詩感強的小說，請問各位有沒有推薦的？希望是劍與魔法的世界，有多不同種族、魔物的那種（其實我不太確定這類型叫什麼，異世界感覺不太對，但叫奇幻又好像太廣泛了？

有很多web小說我都有看過，像是轉生成魔劍、轉生龍蛋、哥布林，他們雖然世界都足夠龐大，但是都有個web小說的通病，就是讀起來會有割裂感，無法讓人帶入那個世界中
而轉生蜘蛛雖然沒有那種割裂感，但是世界觀卻不太夠了，就只簡單分成教皇、妖精、魔王而已，希望能看到更多人類國家間的關係，還有更多魔物亞人種族的故事設定",c9d187c2-de15-5a43-a95e-8c16af975110,異世界默示錄麥諾格拉 ～從毀滅文明開始征服世界～,鹿角フェフ,21.5,連載,"奇幻, 魔法, 轉生, 異世界, 戰爭, 黑暗, 經營, 其他文庫, 日本輕小說",轉生後，我竟然成了邪神。涵蓋探索（eXplore）、擴張（eXpand）、開發（eXploit）、殲滅（eXterminate）的4X系戰略級奇幻小說！因病早逝的年輕人伊良拓斗，轉生到了一個與他生前痴迷的戰略級奇幻模擬遊戲《Eternal Nations》相似的異世界。而且，他居然是以率領邪惡屬性文明「邁諾古拉」的邪神身份轉生的——。「拓斗大人……我們再次一起開始吧？」出現在他面前的嬌美少女——邁諾古拉的英雄單位「污泥魔女」阿圖如此說道。拓斗點頭應允，兩人共同的新國家邁諾古拉就此誕生。然而，邁諾古拉這個勢力卻有著「專註於內政，極其不擅長戰爭」的特點，與邪惡形象完全不符，甚至被玩家評價為「最難使用的超高級勢力」……！,3,使用者尋找具有龐大世界觀、多國政治互動、種族多元且具史詩感的作品（如 Overlord）。推薦作品《麥諾格拉》是以 4X 策略遊戲為核心的國家經營類奇幻小說，強調文明發展、領土擴張以及與其他文明的互動，且主角身為「邪神」建立國家的設定與 Overlord 的權力擴張感相似，符合使用者對世界規模、種族多樣性以及複雜國家關係的要求。
q5,"如題，想找像是overlord、無職這種，有龐大世界，多個國家部落，文化特色分明，歷史背景完整，沉浸感和史詩感強的小說，請問各位有沒有推薦的？希望是劍與魔法的世界，有多不同種族、魔物的那種（其實我不太確定這類型叫什麼，異世界感覺不太對，但叫奇幻又好像太廣泛了？

有很多web小說我都有看過，像是轉生成魔劍、轉生龍蛋、哥布林，他們雖然世界都足夠龐大，但是都有個web小說的通病，就是讀起來會有割裂感，無法讓人帶入那個世界中
而轉生蜘蛛雖然沒有那種割裂感，但是世界觀卻不太夠了，就只簡單分成教皇、妖精、魔王而已，希望能看到更多人類國家間的關係，還有更多魔物亞人種族的故事設定",3fb27d5e-586c-5967-b967-09d3844de621,世界盡頭的聖騎士,柳野かなた,59.1,連載,"轉生, 奇幻, 冒險, 魔法, 戰鬥, 其他文庫, 日本輕小說",過去被毀滅的死者之街──在這樣一處冷僻的土地，有一名叫威爾的活人小孩。養育這位少年的，是三名不死族──豪邁的骷髏劍客布拉德、端莊的神官木乃伊瑪利以及乖僻的魔法師幽靈古斯。在三人的教育與疼愛中，少年日漸茁壯。一天，少年不禁產生疑惑：「……現在的『我』究竟是誰？」不死族們隱藏於世界盡頭之街的秘密終被威爾解開。善良之神們的愛與慈悲，邪惡之神們的偏執與瘋狂。「這是約定。雖然講起來會花些時間，不過就讓我告訴你。關於眾多英雄與我們的死……也關係到你之所以活在這裡的緣由。」──明白一切之後，少年決心踏上了聖騎士之路。,3,該書具有極強的世界觀構建、深厚的歷史背景以及分明的文化特色，且敘事連貫，能提供用戶要求的「沉浸感」與「史詩感」，有效避免了用戶提到的 web 小說割裂感。其劍與魔法的設定、多樣的種族（如不死族、神祇等）以及對世界探索的著墨，高度符合用戶對類 Overlord 或無職那種龐大世界觀的需求。
q5,"如題，想找像是overlord、無職這種，有龐大世界，多個國家部落，文化特色分明，歷史背景完整，沉浸感和史詩感強的小說，請問各位有沒有推薦的？希望是劍與魔法的世界，有多不同種族、魔物的那種（其實我不太確定這類型叫什麼，異世界感覺不太對，但叫奇幻又好像太廣泛了？

有很多web小說我都有看過，像是轉生成魔劍、轉生龍蛋、哥布林，他們雖然世界都足夠龐大，但是都有個web小說的通病，就是讀起來會有割裂感，無法讓人帶入那個世界中
而轉生蜘蛛雖然沒有那種割裂感，但是世界觀卻不太夠了，就只簡單分成教皇、妖精、魔王而已，希望能看到更多人類國家間的關係，還有更多魔物亞人種族的故事設定",a54862cf-145d-54a5-882d-e4f194b47c4b,奧爾森王國史 ～野蠻的獸人之國如何燒毀和平的精靈之國～,樽見京一郎,52.2,連載,"奇幻, 冒險, 戰爭, 異能, 人外, 其他文庫, 日本輕小說",「槍與魔法」的時代。擁有以奧克族為首的多數魔種族的聯合國家奧克森，以及美麗精靈之國艾爾芬多。在歷史對立加深的兩國國境，獸人之王古斯塔夫與被趕出故國的黑暗精靈族長迪涅魯斯，完成了命運的邂逅……。和平的精靈之國被野蠻的獸人燒盡——顛覆這種「異世界幻想存在」常識的異世界戰記在此誕生！,3,該書強調「王國史」與「戰記」，專注於獸人聯合國家與精靈之國之間的戰爭與歷史對立，高度符合使用者對龐大世界觀、國家間政治關係、多種族設定以及史詩感的追求。此外，作品旨在顛覆常見的異世界常識，能滿足使用者希望擺脫一般 Web 小說碎片化感、追求沉浸式世界構築的需求。
q5,"如題，想找像是overlord、無職這種，有龐大世界，多個國家部落，文化特色分明，歷史背景完整，沉浸感和史詩感強的小說，請問各位有沒有推薦的？希望是劍與魔法的世界，有多不同種族、魔物的那種（其實我不太確定這類型叫什麼，異世界感覺不太對，但叫奇幻又好像太廣泛了？

有很多web小說我都有看過，像是轉生成魔劍、轉生龍蛋、哥布林，他們雖然世界都足夠龐大，但是都有個web小說的通病，就是讀起來會有割裂感，無法讓人帶入那個世界中
而轉生蜘蛛雖然沒有那種割裂感，但是世界觀卻不太夠了，就只簡單分成教皇、妖精、魔王而已，希望能看到更多人類國家間的關係，還有更多魔物亞人種族的故事設定",4c8cbd00-3063-5c6a-9a9f-0de0b7faaff5,白色帝國,犬村小六,32.7,連載,"奇幻, 冒險, 異世界, 魔法, 戰爭, 戀愛, 小學館, 日本輕小說",這是一部犬村筆下的幻想戰記巔峰之作！「所有色彩重疊在一起，就會變成白色。而我想要創造的，是一個所有種族融為一體的『白之國』。」在各族爭鬥不休的葡萄海上，貓耳族「米尼亞」統治的加特蘭王國第二王子托托·加特蘭，某天與被敵對勢力黑玫瑰騎士團送來的少女人質阿爾忒彌西亞相遇。起初，阿爾忒彌西亞緊閉心扉，但在托托和他的夥伴們的真誠相待下，她逐漸展露笑顏。然而，人類與米尼亞族之間的歧視根深蒂固，即便托托和阿爾忒彌西亞心生淡淡情愫，也無法逃脫殘酷命運的降臨……穿戴鎧甲的騎士指揮著大軍，帆船艦隊覆蓋海面；手握象徵「仁」「義」「禮」「智」「忠」「信」「孝」「悌」的聖珠的八劍士；轟鳴的瘴氣機關兵；飛行於高度500米限制內「浮游圈」的空艦隊——從《某飛行員》系列到《螺旋歌劇》，犬村小六以其無與倫比的文筆，勾勒出從未有人見過的戰場與愛情故事。「無論何時，無論何地，無論全世界都與你為敵，我都將成為守護你的盾。」這是一部獨一無二的正統幻想戰記，盛大開幕。,3,推薦書籍《白色帝國》是一部正統的幻想戰記，強調多種族共存與衝突、宏大的戰爭規模（艦隊、騎士團）以及深厚的種族歧視背景，完全符合使用者對「龐大世界」、「文化特色分明」、「史詩感」以及「不同種族/亞人設定」的需求。此外，該書為正式出版的輕小說，較能避免使用者所厭惡的 web 小說割裂感，是高度契合的選擇。
q5,"如題，想找像是overlord、無職這種，有龐大世界，多個國家部落，文化特色分明，歷史背景完整，沉浸感和史詩感強的小說，請問各位有沒有推薦的？希望是劍與魔法的世界，有多不同種族、魔物的那種（其實我不太確定這類型叫什麼，異世界感覺不太對，但叫奇幻又好像太廣泛了？

有很多web小說我都有看過，像是轉生成魔劍、轉生龍蛋、哥布林，他們雖然世界都足夠龐大，但是都有個web小說的通病，就是讀起來會有割裂感，無法讓人帶入那個世界中
而轉生蜘蛛雖然沒有那種割裂感，但是世界觀卻不太夠了，就只簡單分成教皇、妖精、魔王而已，希望能看到更多人類國家間的關係，還有更多魔物亞人種族的故事設定",ac50e949-d80a-54a0-a3f0-7ba455432589,烙印紋章,杉原智則,156.3,完結,"奇幻, 戰爭, 冒險, 戀愛, 電擊文庫, 日本輕小說",這是一個曾被擁有高度智慧的龍所支配，利用魔素支撐著文明的世界。十年內，不斷進行著戰爭的梅菲烏斯和加貝拉想要通過王族間的政治聯姻，為長久的戰爭畫上休止符。幼年時代，因戰爭而背井離鄉的劍鬥士歐魯巴，由於容貌長得和梅菲烏斯皇子如同孿生，而被人與傳聞中的愚蠢王子掉包，代替其進行婚禮。另一方面，好勝的加貝拉公主碧莉娜決心籠絡皇子，以達到為本國謀求利益的目的。在這樣兩人的婚禮途中，突然有人對他們展開了襲擊——！？兩人的內心與和平的未來究竟會如何發展？杉原智則奉上的幻想故事登場！,2,該書屬於傳統的奇幻輕小說（電擊文庫），較能避免使用者提到的「web小說割裂感」。劇情涉及多國戰爭、政治聯姻、龍族支配的歷史背景以及魔素文明，符合使用者對「劍與魔法」、「國家間關係」、「完整歷史背景」以及「沉浸感」的需求。雖然介紹重點在於角色關係，但其世界觀設定與使用者追求的史詩感方向一致。
q5,"如題，想找像是overlord、無職這種，有龐大世界，多個國家部落，文化特色分明，歷史背景完整，沉浸感和史詩感強的小說，請問各位有沒有推薦的？希望是劍與魔法的世界，有多不同種族、魔物的那種（其實我不太確定這類型叫什麼，異世界感覺不太對，但叫奇幻又好像太廣泛了？

有很多web小說我都有看過，像是轉生成魔劍、轉生龍蛋、哥布林，他們雖然世界都足夠龐大，但是都有個web小說的通病，就是讀起來會有割裂感，無法讓人帶入那個世界中
而轉生蜘蛛雖然沒有那種割裂感，但是世界觀卻不太夠了，就只簡單分成教皇、妖精、魔王而已，希望能看到更多人類國家間的關係，還有更多魔物亞人種族的故事設定",dc6b6745-2fef-58f4-a720-f064b9c125f0,傳說的勇者的傳說,鏡貴也,245.7,完結,"奇幻, 魔法, 冒險, 戰爭, 後宮, 富士見文庫, 日本輕小說",萊納·琉德毫無幹勁。在這裡，羅蘭德帝國王立特殊學院的學生所追求的，只是作為戰爭道具所需要的能力。但是，萬年無力氣差生的萊納所追求的，只要能夠悠閑地沉浸在成天睡午覺的世界中。但是，萊納的願望無法實現。由於他所持有的特殊的「眼瞳」……對這樣的萊納表示出興趣的人是青年貴族席翁和美貌的女劍士菲莉斯。戰爭的漩渦把三個年輕人的命運複雜的聯繫到一起！萊納的「眼瞳」中映射出的是怎樣的未來？新感覺架空幻想傳說，總算能夠開幕了！,3,該作品屬於高品質的奇幻輕小說，具有較為深厚的政治鬥爭、國家間的戰爭以及完整的世界設定，符合使用者對「史詩感」、「完整歷史背景」以及「避免 Web 小說割裂感」的要求。其世界觀不僅僅是簡單的勇者與魔王對立，而包含複雜的帝國政治與文化衝突，與使用者尋找的《Overlord》或《無職轉生》類型的沉浸感相近。
q5,"如題，想找像是overlord、無職這種，有龐大世界，多個國家部落，文化特色分明，歷史背景完整，沉浸感和史詩感強的小說，請問各位有沒有推薦的？希望是劍與魔法的世界，有多不同種族、魔物的那種（其實我不太確定這類型叫什麼，異世界感覺不太對，但叫奇幻又好像太廣泛了？

有很多web小說我都有看過，像是轉生成魔劍、轉生龍蛋、哥布林，他們雖然世界都足夠龐大，但是都有個web小說的通病，就是讀起來會有割裂感，無法讓人帶入那個世界中
而轉生蜘蛛雖然沒有那種割裂感，但是世界觀卻不太夠了，就只簡單分成教皇、妖精、魔王而已，希望能看到更多人類國家間的關係，還有更多魔物亞人種族的故事設定",12cad112-4204-5944-8c0e-8e0ef01f0b85,七罪之旅,和泉弐式,24.0,連載,"奇幻, 戰鬥, 冒險, 電擊文庫, 日本輕小說",【背叛催生毀滅】【帶著孩子的賞金獵人】【不斷重複的復仇】【強大而又愚昧的國王】【無止盡的國家戰爭】【美麗的聖騎士】【傳說之龍】【七大罪之謎】神死後的世界被絕望所支配的時代。為了守護所愛之人，一名男人與惡魔簽訂了契約。環遊世界，穿越地獄，經歷了波瀾壯闊的人生之後，最終拯救了這個世界――。這就是王道！激動人心，氣勢磅礴的冒險幻想劇～！！,3,該推薦書籍符合使用者對「劍與魔法」以及「史詩感」的需求。其簡介中提到「無止盡的國家戰爭」、「環遊世界」以及「神死後的世界」等設定，顯示其具有較為龐大的世界觀與政治衝突，能滿足使用者想看人類國家關係與宏大歷史背景的期待。此外，作為電擊文庫出版的輕小說，其敘事結構通常比一般 web 小說更完整，較能避免使用者擔心的「割裂感」。
q5,"如題，想找像是overlord、無職這種，有龐大世界，多個國家部落，文化特色分明，歷史背景完整，沉浸感和史詩感強的小說，請問各位有沒有推薦的？希望是劍與魔法的世界，有多不同種族、魔物的那種（其實我不太確定這類型叫什麼，異世界感覺不太對，但叫奇幻又好像太廣泛了？

有很多web小說我都有看過，像是轉生成魔劍、轉生龍蛋、哥布林，他們雖然世界都足夠龐大，但是都有個web小說的通病，就是讀起來會有割裂感，無法讓人帶入那個世界中
而轉生蜘蛛雖然沒有那種割裂感，但是世界觀卻不太夠了，就只簡單分成教皇、妖精、魔王而已，希望能看到更多人類國家間的關係，還有更多魔物亞人種族的故事設定",bc60d08a-db83-52c3-91c5-2c822258fd8b,皇帝聖印戰記,水野良,99.3,完結,"奇幻, 魔法, 戰爭, 戀愛, 角川文庫, 日本輕小說",渾沌支配了大陸──人民畏懼著各種災害。君王們手持著平息渾沌的〈聖印〉守護百姓。然而隨著歲月流逝，君王們逐漸忘卻了「守護蒼生」的理念，為了爭奪彼此的聖印和領地，掀起了一波又一波的戰爭……魔法師希露卡唾棄毫無風骨的各地君王，而浪跡天涯的騎士提歐則是為了解放受苛政所苦的家鄉修練武藝。「我願與騎士提歐的聖印締結契約，誓言忠誠直至永恆。」日本奇幻大師水野良的史詩級奇幻戰記，就此揭幕！,3,該書屬於正統的史詩奇幻作品，核心在於大陸規模的戰爭、國家間的政治鬥爭以及完整的聖印設定，高度符合使用者對「龐大世界」、「多個國家」、「歷史背景完整」以及「史詩感」的需求。此外，由於是專業出版的輕小說，其敘事結構較能避免使用者反感的 Web 小說割裂感，且滿足了使用者希望看到更多「人類國家間關係」的具體要求。
q5,"如題，想找像是overlord、無職這種，有龐大世界，多個國家部落，文化特色分明，歷史背景完整，沉浸感和史詩感強的小說，請問各位有沒有推薦的？希望是劍與魔法的世界，有多不同種族、魔物的那種（其實我不太確定這類型叫什麼，異世界感覺不太對，但叫奇幻又好像太廣泛了？

有很多web小說我都有看過，像是轉生成魔劍、轉生龍蛋、哥布林，他們雖然世界都足夠龐大，但是都有個web小說的通病，就是讀起來會有割裂感，無法讓人帶入那個世界中
而轉生蜘蛛雖然沒有那種割裂感，但是世界觀卻不太夠了，就只簡單分成教皇、妖精、魔王而已，希望能看到更多人類國家間的關係，還有更多魔物亞人種族的故事設定",e012fb82-b760-52fe-ac73-2c64aabd4e7c,龍族,李榮道,156.9,完結,"奇幻, 冒險, 戰鬥, 異能, 人外, other, 韓國輕小說",《龍族》所設定的世界觀，在精靈、妖精、龍、矮人和魔法、武術以及各種種族間的和諧和摩擦描寫得靈動細膩，令人深思，在探討人類與生靈關係，討論著「人類本質」哲理，一反沉重乏味，其冒險驚險刺激，對話生動活潑，內容幽默風趣，對於國家和英雄有不一樣的看法，以第一人稱方式描寫，且隱藏伏筆，更令人拍案叫絕，建構一個精採的奇幻魅力世界！,3,該書設定包含精靈、龍、矮人等多元種族，且詳細描寫了不同種族間的摩擦與和諧，以及對國家的探討，完全符合使用者要求的「劍與魔法」、「多種族」以及「國家間關係」等核心需求。此外，簡介強調其世界觀靈動細膩且具備哲理，能滿足使用者希望擺脫 web 小說割裂感、追求沉浸式世界觀的需求。
q5,"如題，想找像是overlord、無職這種，有龐大世界，多個國家部落，文化特色分明，歷史背景完整，沉浸感和史詩感強的小說，請問各位有沒有推薦的？希望是劍與魔法的世界，有多不同種族、魔物的那種（其實我不太確定這類型叫什麼，異世界感覺不太對，但叫奇幻又好像太廣泛了？

有很多web小說我都有看過，像是轉生成魔劍、轉生龍蛋、哥布林，他們雖然世界都足夠龐大，但是都有個web小說的通病，就是讀起來會有割裂感，無法讓人帶入那個世界中
而轉生蜘蛛雖然沒有那種割裂感，但是世界觀卻不太夠了，就只簡單分成教皇、妖精、魔王而已，希望能看到更多人類國家間的關係，還有更多魔物亞人種族的故事設定",f16c8231-804a-5ff1-a3c0-a42e8e430ccd,廢棄公主,榊一郎,120.3,完結,"奇幻, 魔法, 機戰, 冒險, 戀愛, 富士見文庫, 日本輕小說",「妳啊，就是廢棄公主，妳的存在本身便是一種『罪』，所以妳是非死不可啦。」帕希菲卡，15歲，毒舌美少女一名，本來跟無血緣關係的哥哥姊姊過著幸福的日子，豈知突然父母過世、刺客追殺，還發現自己竟是預言里會毀滅世界的廢棄公主？！雖然與全國人民為敵，但好在還有怕麻煩但身手過人的夏儂哥哥，天生鈍感但魔法一流的拉寇兒姊姊，一起展開一場追趕跑跳蹦的逃亡之旅……廢棄公主的宿命是否可能改變？「兄妹以上，戀人未滿」的關係將如何發展？強烈推薦給喜歡笑料但又想被感動的奇幻讀者。,2,使用者明確要求具有「龐大世界觀」、「多國文化特色」、「完整歷史背景」以及「強烈史詩感」的作品（如 Overlord 或無職），並強調希望看到人類國家間的關係與多種族設定。而《廢棄公主》雖然是設定完整的奇幻冒險故事，且具備魔法與世界觀設定，但其核心重心在於角色間的羈絆、逃亡旅程以及對命運的抗爭，而非對世界地緣政治、多國文化或種族生態的宏大描寫，無法完全滿足使用者對「史詩級世界建構」的強烈需求。
q6,很喜歡看戰爭或戰記類型的小說，不要有魔法一發收拾或莫名其妙的神器，也別機械降神，主角可以強但不要把對手變白癡，暑假到了求書來啃，斷尾或沒完結也沒關係。,3fd8d68d-97e6-56a6-88e5-f362c72a259d,銀河英雄傳說,田中芳樹,157.1,完結,"科幻, 機戰, 戰爭, 其他文庫, 日本輕小說",浩瀚無垠的宇宙、不停前進的人類、永無休止的爭鬥。不管是以往的歷史，或未來的展望，是已知，是空想，只有一件事實存在──「人類永遠無法自歷史的教訓中學得任何教訓。」在距今數百年之後的世界，人類已經開始將足跡向全銀河系散播，在任何可能探索的角落，高唱著科學技術的勝利。只是，很可惜的，人類的靈性世界，並沒有隨著居住環境的拓展一同成長。和宇宙開發史相伴的，是連續不斷的戰亂、和人心的萎靡。從地球政權毀滅的灰燼、銀河聯邦的成立，到民主共和體制的衰亡垮台、以至於發展為兩大勢力以銀河支配權為賭注的長期戰爭。人類將對立和破壞的劇本重演了無數次，只留下以愚昧和嘗試相互交錯而寫成的歷史。然而，兩位英雄人物的偶然相遇，改寫了銀河的歷史，也改變了他們周遭眾多人物的際遇。,3,該書是經典的太空戰爭史詩，核心在於大規模的艦隊戰與政治權謀，完全符合使用者對「戰爭/戰記」類型的需求。故事強調戰略對決而非超自然力量，沒有魔法或神器，且主角與對手皆為頂尖天才，不存在將對手低智化的問題，極其符合使用者的所有要求。
q6,很喜歡看戰爭或戰記類型的小說，不要有魔法一發收拾或莫名其妙的神器，也別機械降神，主角可以強但不要把對手變白癡，暑假到了求書來啃，斷尾或沒完結也沒關係。,49046358-bf86-5e42-bbde-bf93fe1d0f7b,86-不存在的戰區-,安里アサト,198.4,連載,"科幻, 戰爭, 機戰, 戀愛, 角川文庫, 日本輕小說",聖瑪格諾利亞共和國為了應對鄰國的無人機「Legion」侵略，成功研發出同型武器，不再需要靠著人命堆疊的戰爭終於來臨。是的──表面上確實如此。然而，位於共和國全八十五個行政區之外的「不存在的第86區」中，一群少年少女正以「有人駕駛的無人機」之姿，日夜奮戰不懈。率領一群年輕人出生入死的少年──辛，與身處遙遠後方，透過特殊通訊指揮他們作戰的「指揮管制官」少女──蕾娜。兩人壯烈而悲傷的戰鬥與離別的故事，就此揭開序幕──！,3,該書為典型的戰爭與科幻設定，聚焦於軍事戰術與残酷的戰場現實，而非依賴魔法或神奇道具。其劇情對戰爭的描寫深刻，且對手（Legion）具有邏輯且構成實質威脅，完全符合使用者對於「非魔法、非機械降神、注重戰記」的需求。
q6,很喜歡看戰爭或戰記類型的小說，不要有魔法一發收拾或莫名其妙的神器，也別機械降神，主角可以強但不要把對手變白癡，暑假到了求書來啃，斷尾或沒完結也沒關係。,64f07312-ef4a-55c9-8095-72f8c76ad2a6,幼女戰記,カルロ·ゼン,238.1,連載,"轉生, 性轉, 戰爭, Fami通文庫, 日本輕小說",有著金髮碧眼與白皙肌膚的幼女翱翔天際，殘忍無情地擊墜敵軍。以幼女口齒不清的語調指揮大軍的她，名叫譚雅·提古雷查夫。然而她的真實身分，則是在神的失控下轉生成為幼女的菁英上班族。把效率與出人頭地看得比什麼都還重要的幼女提古雷查夫，逐漸成為帝國軍魔導師當中最危險的存在——,2,該書雖然符合用戶對「戰爭/戰記」類型的核心需求，且劇中對手與戰術博弈相對合理（非白癡），但其設定包含大量「魔導師」與魔法戰鬥。儘管並非單純的「一發收拾」，但對於明確表達不希望看到魔法干預的用戶來說，這屬於一個顯著的衝突點，因此給予 2 分。
q6,很喜歡看戰爭或戰記類型的小說，不要有魔法一發收拾或莫名其妙的神器，也別機械降神，主角可以強但不要把對手變白癡，暑假到了求書來啃，斷尾或沒完結也沒關係。,d39e91f3-b7ee-5750-91b3-7a3c633b0ae7,沃特尼亞戰記,保利亮太,245.1,連載,"轉生, 戰鬥, 冒險, 龍傲天, 後宮, HJ文庫, 日本輕小說",高中生御子柴亮真被召喚到烽火連天的異世界。他發現召喚自己過來的奧德梅亞帝國手段卑劣，來到異世界的人失去利用價值後便會棄之不顧，於是發揮他擅長的武術，逃出奧德梅亞成為冒險者。某天，亮真拯救了一對被盜賊挾持的雙胞胎姊妹。擁有「法術」之力的她們獲救之後，宣誓服從亮真——以此為契機，亮真開始邁向成為霸王之路。,3,使用者明確要求「戰爭或戰記類型」的小說，且該書標題與內容完全符合此類型。雖然標籤包含「龍傲天」，但使用者表示「主角可以強」，而該作品主要透過武術與戰略而非單純依賴魔法或神器來取勝，符合使用者對戰記類型的核心需求。
q6,很喜歡看戰爭或戰記類型的小說，不要有魔法一發收拾或莫名其妙的神器，也別機械降神，主角可以強但不要把對手變白癡，暑假到了求書來啃，斷尾或沒完結也沒關係。,83d07fa3-eb1f-5b99-bc31-16e5f9276b95,殺戮輪迴 ALL YOU NEED IS KILL,櫻坂洋,12.5,完結,"科幻, 戰爭, 集英社, 日本輕小說",「出擊這回事就像段考一樣吧？」當敵人的子彈貫穿身體的瞬間，桐谷啟二又再度回到出擊的前一天。一個距離東京極遠且名為「特牛島」的南方小島激戰區上，一支雜牌軍部隊不斷重複必敗的激烈戰事，出擊、戰死、出擊、戰死──就連死亡都成為每天的例行公事。當這個循環重複第一百五十八次的時候，啟二在狼煙四起的戰場上和一位女性再度重逢……眾所矚目的新銳作家所描繪出既哀傷又充滿奇幻的科幻小說，桐谷啟二最後是否能夠突破令人絕望的戰況，而逃向尚未可見的明天呢！？,3,使用者要求戰爭類小說，且明確排斥魔法一發收拾、莫名神器或機械降神。本作雖然具有時間循環的設定，但其核心在於主角透過無數次死亡的經驗累積、戰術磨練來克服絕望的戰局，並非依賴廉價的強大力量，且敵人強大且致命，完全符合使用者對於「主角可以強但對手不能白癡」以及對戰鬥邏輯的要求。
q6,很喜歡看戰爭或戰記類型的小說，不要有魔法一發收拾或莫名其妙的神器，也別機械降神，主角可以強但不要把對手變白癡，暑假到了求書來啃，斷尾或沒完結也沒關係。,7c02ebf3-f6f3-5d74-a135-c0d98f2c001b,雷轟,押井守,8.8,完結,"戰爭, Fami通文庫, 日本輕小說",在南北戰爭因英法的介入，而造成美國分裂成兩個國家的一百年後的北越上空，主角醐堂後備中尉一面思索著這場戰爭的意義，一面朝地面的目標進行轟炸。就在某一天，他的忍耐到了極限，然後他決定開著他的愛機去做某件空前絕後的大事……電影界的鬼才導演押井守花了六年寫出的新形式軍事小說，將呈現給各位讀者一段不一樣的歷史！,3,推薦書籍為軍事戰爭小說，且設定在架空歷史背景，完全沒有魔法、神器或超自然元素，符合使用者對「戰爭/戰記」類型的需求以及對「拒絕金手指/機械降神」的嚴格要求。作者押井守以深刻的思考與嚴謹的設定著稱，能滿足使用者對非低幼化戰爭小說的期待。
q6,很喜歡看戰爭或戰記類型的小說，不要有魔法一發收拾或莫名其妙的神器，也別機械降神，主角可以強但不要把對手變白癡，暑假到了求書來啃，斷尾或沒完結也沒關係。,8283bdff-3c54-5990-bb8f-f690056641b1,裝甲核心,神野淳一,1.0,完結,"科幻, 戰爭, 機戰, 其他文庫, 日本輕小說",老邁的中將想著。沒有比敗戰的將士更悲慘的集團了。把拿在手上的戰力清單隨手扔到桌上，他從指揮裝甲車的小窗口探頭窺視外面的狀況。萬里晴空映照著一旁險峻山勢下的殘雪顯得格外炫目，溪谷內有限的平地上，有運輸用車輛與許多士兵奔跑著。他那些勉強殘存下來的部下們正在吸收敗走的友軍兵員設備，忙著重新篇成部隊。,3,使用者尋求嚴肅、邏輯合理且非龍傲天式的戰爭或戰記小說。推薦書籍《裝甲核心》標記為戰爭與機戰，且簡介中對敗將的描述、部隊重組的過程展現出較為沉穩、寫實的軍事氛圍，符合使用者對「戰爭類型」的需求，且初步看來並非依賴魔法或神器的快餐文，與使用者偏好的高度契合。
q6,很喜歡看戰爭或戰記類型的小說，不要有魔法一發收拾或莫名其妙的神器，也別機械降神，主角可以強但不要把對手變白癡，暑假到了求書來啃，斷尾或沒完結也沒關係。,c45ca32d-1a32-5715-92d5-8122205cf0e7,天空的莉莉婭,千田誠行,11.1,完結,"戰爭, 百合, 女性視角, 一迅社, 日本輕小說",1941年，第二次世界大戰期間的蘇聯。反德國的勢頭增漲，於恩格斯基地成立由女性駕駛的飛機駕駛員團。自告奮勇報名的少女，處於十幾歲至二十幾歲。以戰鬥機飛行員作為目標朋友、對手們一起，對天空憧憬，喜歡天空的少女，百合莉莉婭的挑戰開始。在舞台上寫以前實際存在，只有女性的飛機聯隊，空戰×歷史幻想登場。,3,使用者尋找沒有魔法、神器或機械降神的戰爭/戰記小說。該書設定在第二次世界大戰的蘇聯，以真實存在的女性飛行員聯隊為原型，屬於歷史戰爭類輕小說，符合使用者對戰爭題材的需求且無違背其禁忌的超自然元素。
q6,很喜歡看戰爭或戰記類型的小說，不要有魔法一發收拾或莫名其妙的神器，也別機械降神，主角可以強但不要把對手變白癡，暑假到了求書來啃，斷尾或沒完結也沒關係。,6d289502-518a-5c01-9826-25828a64538f,YAKITORI,カルロ·ゼン,16.4,連載,"科幻, 戰爭, 其他文庫, 日本輕小說",全地球的人類不分國籍，通通淪為名叫「商聯」的異星球居民的次等階級。在如此一個未來世界中，為求脫離封閉的日本社會，伊保津明在募兵官的廚師（鮑金）勸誘之下加入了商聯的行星軌道步兵——通稱「YAKITORI」。被分配進這支由與美國人、北歐人、英國人、中國人等其他四人所組成的實驗部隊K-321，明所面臨的是施行作戰時平均死亡率高達70%的殘酷現實。由網路小說鬼才為您呈現，新戰爭SF系列開幕！,3,用戶尋找戰爭/戰記類小說，並明確要求排斥魔法、神器或機械降神等不合理設定。推薦書籍《YAKITORI》屬於科幻戰爭類，描述人類在被外星文明統治下的殘酷軍事生活，且提到作戰死亡率高達70%的設定，符合用戶對戰爭題材且具備一定寫實感、高風險氛圍的要求。
q6,很喜歡看戰爭或戰記類型的小說，不要有魔法一發收拾或莫名其妙的神器，也別機械降神，主角可以強但不要把對手變白癡，暑假到了求書來啃，斷尾或沒完結也沒關係。,f049f5e7-55b0-546d-a99b-f91d1740240f,天翔虎軍師,上總朋大,9.5,連載,"戰爭, 鬥智, 後宮, 青梅竹馬, 富士見文庫, 日本輕小說",帝國曆36年。托雷帝國殲滅頑強抵抗未果之費烈利加王國，稱霸了大陸。祖國滅亡的景象為費烈利加大將軍嫡子謝爾帶來刻骨銘心之痛，於是他在內心起誓。──『為復興費烈利加王國，我要成為軍師！』。之後經歷2年的時光，順利任職於托雷帝國總軍師迪歐拉麾下，同時與夥伴們秘密策動革命計畫的謝爾終於要採取行動！為了奪回祖國，更為了拯救幼時承諾要「永遠守護」的那名少女……。勇猛將士們互競「武」道，軍師們相互斗「智」，王者們爭奪「霸」權。經典幻想戰役即將開戰!!,2,用戶的核心需求是注重策略、排斥誇張魔法/神器以及反對對手降智的戰爭類小說。推薦書籍《天翔虎軍師》明確標記為「戰爭」與「鬥智」，且劇情圍繞軍師策劃革命與權力爭奪，符合用戶對戰記類型的偏好。然而，該書屬於「幻想」背景的輕小說，雖然強調鬥智，但仍有潛在的幻想元素可能觸及用戶對「魔法」或「神器」的排斥，因此給予 2 分。
q7,"想請大家推薦一些書單希望符合以下條件
1.已經完結
2.以感情為主
希望是讀的時候可以隨著角色情緒有所起伏。並且不要轉生開無雙。",15a84b32-fba6-5458-99b3-e20d275be70d,八月的尾聲，宛如世界末日。,天澤夏月,8.9,完結,"輕文學, 青春, 戀愛, 電擊文庫, 日本輕小說",僅只40天的戀情。在高二那年夏天，終止於戀人之死。透過一本交換筆記，青年開始與「在世的女友」聯絡，送往過去的言語──青春小說旗手‧天澤夏月獻上的純愛故事我認真覺得，這輩子不會再這麼喜歡一個人了。一想起她的言行舉止、細微的表情變化、笑聲，以及髮絲散發的肥皂香味……我就變得呼吸困難，簡直像是碳酸跑進了肺裡頭一樣。成吾無法忘懷高中二年級夏天過世的女友。四年後，交換筆記的空白處竟出現她的筆跡……,3,這本書是一部以純愛、失去與思念為主題的青春小說，完全符合用戶要求的「以感情為主」以及希望「情緒有所起伏」的需求，且不包含轉生或無雙等元素，是非常契合的推薦。
q7,"想請大家推薦一些書單希望符合以下條件
1.已經完結
2.以感情為主
希望是讀的時候可以隨著角色情緒有所起伏。並且不要轉生開無雙。",304eb79a-c6f3-5b36-98ac-c4201cab7a92,美丘,石田衣良,9.5,完結,"校園, 青春, 戀愛, 角川文庫, 日本輕小說",美丘，你還記得嗎？我和你開始共同生活的八月，那片夏日的光芒與夜晚的溫柔──正視剩餘的人生，在有限的生命中全力奔馳的美丘。見證了美丘曾經存在這世上的證據，陪伴她直到最後一刻的太一。一部描寫面對奇蹟的最後一幕，將靈魂燃燒殆盡的戀人們賺人熱淚的故事。就讀明和大學經濟系2年級的橋本太一偶然認識了文學部二年級的峰岸美丘。儘管美丘是個會搶朋友的男朋友、還會在學校餐廳和人大打出手的女生，太一卻無法自拔地愛上了她。然而美丘因小時候動手術而不幸感染的怪病卻在這時發作了……,3,該書是以校園戀愛與面對生命終結為主題的感人故事，重點在於角色之間深厚的情感與悲劇性的情緒起伏，完全符合用戶對「以感情為主」、「情緒起伏」以及「非轉生無雙」的要求。
q7,"想請大家推薦一些書單希望符合以下條件
1.已經完結
2.以感情為主
希望是讀的時候可以隨著角色情緒有所起伏。並且不要轉生開無雙。",b05f71f3-82d8-50ec-ae31-8313b7bfcd8d,余命一年的我，遇見了余命半年的妳,森田碧,11.0,完結,"奇幻, 校園, 懸疑, 青春, 戀愛, 輕文學, 其他文庫, 日本輕小說",——那段日子，是我最幸福的日子。既悲傷又夢幻，我們之間『期間限定的戀愛』開始了。高一冬天，早坂秋人罹患心臟病，被醫生告知已時日無多。絕望的秋人，在他就診的醫院裡遇上了住院中的春奈，她也因重病之故導致命不久矣。秋人隱瞞了自己的病情與春奈交談，對她述說不怕死時的神態產生興趣。自己是不是還可以去談一場戀愛呢？在如此自問的同時，他的日子也逐漸出現了變化——。這是一部集夢幻、凄美與溫情，令人不住落淚的究極純愛故事。,3,該書的核心是兩位身患絕症少年的純愛故事，完全符合使用者要求「以感情為主」且能帶來「情緒起伏」的需求，且不含轉生或無雙元素，是非常理想的匹配。
q7,"想請大家推薦一些書單希望符合以下條件
1.已經完結
2.以感情為主
希望是讀的時候可以隨著角色情緒有所起伏。並且不要轉生開無雙。",30458f29-e97b-54d5-a824-91963c25137f,余命99天的我，遇到了看得見死亡的妳,森田碧,9.5,完結,"奇幻, 校園, 青春, 戀愛, 其他文庫, 日本輕小說",生命的意義是什麼？苦甜又揪心的愛情故事。高中生新太擁有一種特殊的力量。一旦人的生命剩下99天，他就可以在那個人的頭上看見數字。某一段時日，他在自己的頭上以及同屬於文藝社的好友和也頭頂上面都看見了那個數字。就在這個時候，一位名叫黑瀨舞的少女加入社團。新太則因為某個契機，發現她也是一個知道誰死期將近的人。在一心想救自己與好友的黑瀨影響下，原本看破一切的新太也逐漸被她感動……。,3,該書主打「苦甜又揪心的愛情故事」，完全符合用戶要求以感情為主且能帶來情緒起伏的需求。此外，故事設定為校園奇幻戀愛，並非轉生或無雙類小說，與用戶的避雷條件一致。
q7,"想請大家推薦一些書單希望符合以下條件
1.已經完結
2.以感情為主
希望是讀的時候可以隨著角色情緒有所起伏。並且不要轉生開無雙。",94282701-c657-590a-a20d-b1552c15d159,這場戀愛是全世界最美的雨,宇山佳佑,12.5,完結,"科幻, 青春, 戀愛, 集英社, 日本輕小說",是不是只要擁有奇蹟，我們就一定能完成夢想，一起幸福地走下去？誠是初出茅廬的新手建築師，日菜在一家咖啡店工作，兩個人因為一場雨而展開戀情。他們在鎌倉的海邊城市，過著充滿愛的同居生活。但是，在某個下雨的日子，他們發生車禍，導致兩人身受重傷，瀕臨死亡。當他們醒來時，一對身穿喪服，自稱是「嚮導」的男女出現在他們面前，宣布帶給兩人「奇蹟」……這是以幸福為指標搶奪生命的制度。你們即將回到原來的生活，但是在未來的生活中，當其中一方感到幸福時，就會奪取對方一年的生命。相反地，如果感到不幸，就會被對方奪取一年的生命。,3,該書以戀愛為主軸，且設定了「感到幸福會奪走對方生命」的極端衝突，能帶來強烈的情緒起伏，完全符合使用者對感情主導、有情緒波動且非轉生無雙的需求。
q7,"想請大家推薦一些書單希望符合以下條件
1.已經完結
2.以感情為主
希望是讀的時候可以隨著角色情緒有所起伏。並且不要轉生開無雙。",21a50e19-8c91-55f2-b292-2a70544a965a,那年夏天，在夢境尾聲墜入愛河,冬野夜空,7.3,完結,"科幻, 青春, 戀愛, 其他文庫, 日本輕小說",如果人生可以重來，我願意付出任何代價，換取與你再次相愛……「我真的好喜歡你……」這是在這個世界最後的聲音，最後的一句話。雖然淚流滿面，但依然帶著笑容。只留下這句話的聲音後，世界終結了。這場漫長的夢，終於划下句點……才剛入學，我就對鋼琴技術高超的學長一見鍾情，溫柔的他甚至只因我說了「喜歡鋼琴」，就親切指導初次見面的我。當鼓起勇氣與他一起參加演奏會，並在美麗的向日葵花田中向他告白，他終於回應了我的心意。滿心期待著幸福的未來，沒想到一場車禍卻瞬間粉碎了這一切。我因為受傷而半身不遂，學長也失去了他能彈出優美音樂的手。然而，就在這個黑暗的時刻，我的手機突然出現一則訊息——如果可以改變過去的選擇，妳會怎麼做？這就是妳期望的夢境，卻也是讓妳苦苦盼望的虛假世界。即使這樣，妳也要墜入這場夢裡嗎？那一刻，我獲得了一個改變命運、與心愛的他重新相愛的機會，但在這場有時限的夢境里，他卻徹底忘了我，以及我們的愛情……,3,這本書以戀愛和情感為核心，劇情包含悲劇、遺憾與重新追求愛情的過程，非常符合使用者希望「以感情為主」且「情緒有所起伏」的要求。雖然涉及改變過去的設定，但並非轉生開無雙的龍傲天情節，而是著重於情感糾葛，高度符合使用者意圖。
q7,"想請大家推薦一些書單希望符合以下條件
1.已經完結
2.以感情為主
希望是讀的時候可以隨著角色情緒有所起伏。並且不要轉生開無雙。",dd38579a-1c6c-5cae-b4e0-73ba6354f7b6,在倒數計時中與你說再見,霧友正規,11.4,完結,"輕文學, 奇幻, 青春, 戀愛, 富士見文庫, 日本輕小說",★打從相遇便註定要別離的兩人，編織出的悲傷愛情故事。進入大學醫學系就讀的我，在美麗櫻花盛開的春日，遇見了那個女孩。我想，應該是對她一見鍾情了吧。我們成為戀人，過著平凡溫暖的日子。她開朗地說，未來的夢想是找出過世父親罹患的罕見疾病的治療方法。但是，在我初次見到她的那一天，「300」這個數字冷冰冰地浮現眼前。因此，「能看見一個人所剩壽命」的我知道了，還有幾天就要和她說再見──,3,該書的核心是悲傷的愛情故事，完全符合使用者對「以感情為主」以及「情緒起伏」的要求，且不含轉生或無雙等元素，與使用者需求高度匹配。
q7,"想請大家推薦一些書單希望符合以下條件
1.已經完結
2.以感情為主
希望是讀的時候可以隨著角色情緒有所起伏。並且不要轉生開無雙。",d6803118-195f-5524-9b16-755370d5e6ed,在謊言的世界裡，我談了一場難忘的戀愛,一條岬,10.9,完結,"校園, 青春, 戀愛, 電擊文庫, 日本輕小說","31,536,000秒……這一串陌生的數字，是我生命剩餘的時間。即使如此，我也想將心意傳達給「她」──我喜歡你，真的好喜歡你……第一次自助旅行、享用高價拉麵、買喜歡的運動鞋……這些不只是普通願望，而是我死前想要完成的生命清單。我──月島誠，罹患了一種罕見疾病，是個被宣告僅剩下一年生命的高中生。面對即將到來的命運，我並不感到悲傷，但沒能來得及對喜歡的女孩告白，卻讓我耿耿於懷。在這樣的糾結時刻，我意外加入了電影製作社團，而邀請我的人，正是我在意的那個「她」──美波翼同學，於是從那天起，挑戰和她一起演齣電影，成了我人生的新目標。我們會一起到速食店模擬約會、相約到遊樂園玩，甚至在燦爛的星光下，彼此害羞地嘗試親吻。隨著跟她的回憶越來越多，我開始捨不得就這樣死去……如果可以，我想與她共度第一次「兩人」的聖誕夜，如果可以，我想和她一起實現更多夢想，如果可以，我不想讓她為了我哭泣。於是，在我離開這個世界之前，我決定為她編織一個最甜蜜卻也最悲傷的謊言……",3,該書專注於校園戀愛與面對生命盡頭的情感掙扎，完全符合使用者要求的「以感情為主」且能引起「情緒起伏」的需求，且不含轉生或無雙元素，是高度契合的推薦。
q7,"想請大家推薦一些書單希望符合以下條件
1.已經完結
2.以感情為主
希望是讀的時候可以隨著角色情緒有所起伏。並且不要轉生開無雙。",019fb845-4744-53b8-b757-9c4bce28ad31,聆聽陌生電影的原聲帶,竹宮悠由子,14.3,完結,"青春, 戀愛, 女性視角, 其他文庫, 日本輕小說",這是戀愛？還是贖罪？壓倒性的戀愛小說。錦戶枇杷，23歲，待業中。夜夜踩者廁所拖鞋尋找「小偷」。她被偷走的東西，是如公主般美麗、完美的好友·清瀨朝野送的禮物。在追逐小偷的過程中，枇杷與朝野的前男友相遇，不知不覺間她竟跟這位有角色扮演癖好的傢伙同居在一起了……！以朝野為中心擺盪的我和你。這是戀愛？抑或是贖罪？無職女×角色扮演男的壓倒性戀愛小說。,3,該書標記為戀愛小說，劇情圍繞著複雜的情感關係（贖罪、戀愛）展開，符合使用者要求「以感情為主」且希望有「情緒起伏」的需求，且完全沒有轉生或無雙等奇幻元素，與使用者意圖高度契合。
q7,"想請大家推薦一些書單希望符合以下條件
1.已經完結
2.以感情為主
希望是讀的時候可以隨著角色情緒有所起伏。並且不要轉生開無雙。",73eeb45b-66be-5eda-b349-a6325653552e,現在、我討厭你了,冰高悠,8.3,完結,"校園, 青春, 戀愛, 講談社, 日本輕小說",情緒激動時，最糟情況下會致死的病——『感情性自我免疫疾病』自從聽到這個診斷結果後，感情對我來說就成了毫無價值的東西。喜悅、憤怒、哀傷、快樂——每一種感情，都會將我侵蝕。所以我不會有任何感情，也不會喜歡上誰。但同班同學奈奈川惠實卻對我說。「——我、喜歡四東同學！！」我應該不會喜歡上他人才對。因為要是喜歡上誰，我就會失去生命。但我卻無法抑制自己這逐漸萌生的感情……這是沒有感情的我，和感情豐富的她之間的故事。,3,該書核心劇情圍繞在感情與生命的矛盾掙扎，屬於典型的以感情為主的校園戀愛故事，能提供使用者要求的情緒起伏，且完全不涉及轉生或無雙設定，高度符合使用者需求。
q8,"希望作品是
1.背景為現代
有槍砲炸藥之類的比較有代入感，對武俠/奇幻沒興趣，現代但有些微科幻/超能力要素沒關係
2.主角不是從0開始練等
漏漏長的成長過程會讓我想睡，大概是從看完鬥破蒼穹那公式化的遇強敵→隊友幫扛→遇到機運→變強反殺→前往下個城鎮→遇強敵，之後再也不想看這種了
3.主角非中二/死屁孩
不要太嚴重就好，隱殺主角偶爾也會屁孩一下但是是那種大人逗小鬼玩的感覺就不會反感",98533937-24b3-51ea-bf94-26b6fb549011,噬魂盟約,極歛恆,58.0,連載,"戀愛, 戰鬥, 黑暗, 復仇, 異能, 戰爭, 原生幻想, 華文輕小說",被「國際英雄聯盟（IHA）」列為地球上最兇險的超能罪犯——【黃金惡魔（Golden Devil）】伊景能，在某天竟然主動提出要和聯盟合作？而他幫助英雄聯盟的唯一條件，竟然是和就任不到一年的海灣國英雄新人——【神風天使】莉莉安「同居」!?面對這個世界各國都無法應對的絕對戰力，「IHA」只能應許伊景能的要求。而令人意外地講求守信的他為了履行這份「盟約」，伊景能將會在英雄們遇上危機時，出手替他們對付那些危害超能社會治安的棘手怪物——「靈魔」，以及眾多盤據城市暗角、各懷鬼胎的黑暗勢力。至於他本次前來的目的，則是為了追查大批從日本運送而來、名為「容器」的高科技產物。該小型裝置是由惡名昭彰的全球性超能恐怖組織「審判日」所研發，能夠以神秘的運作方式收納「靈魔」並喚為己用，伊景能研判組織可能打算利用大量的「容器」在海灣國引發大型恐怖攻擊。不過為何「審判日」要挑上這座東方小島國創造混亂、以及【黃金惡魔（Golden Devil）】選擇與「IHA」締結盟約的原因，皆不得而知。在看似簡單的條件背後，伊景能究竟在暗中打著什麼如意算盤？身為全球頭號罪犯的他，又為何要孤身一人對抗世界？滿懷正義的英雄少女 × 世間最惡的超能反派——價值觀截然不同的兩人，究竟又會在同居生活中擦出什麼耀眼的火花呢？於命運交錯的華麗舞台「海灣國」上演的——壯闊而史詩的宿命序曲，隆重開幕。,3,該作品高度符合用戶需求：1. 背景為現代都市且包含超能力與高科技要素，符合現代背景要求。2. 主角被設定為『地球上最兇險的超能罪犯』及『絕對戰力』，屬於頂尖強者開局，完全避開了用戶厭惡的從零開始練等或公式化成長過程。3. 主角形象為成熟且強大的反派/反英雄，非中二死屁孩，符合用戶對主角性格的偏好。
q8,"希望作品是
1.背景為現代
有槍砲炸藥之類的比較有代入感，對武俠/奇幻沒興趣，現代但有些微科幻/超能力要素沒關係
2.主角不是從0開始練等
漏漏長的成長過程會讓我想睡，大概是從看完鬥破蒼穹那公式化的遇強敵→隊友幫扛→遇到機運→變強反殺→前往下個城鎮→遇強敵，之後再也不想看這種了
3.主角非中二/死屁孩
不要太嚴重就好，隱殺主角偶爾也會屁孩一下但是是那種大人逗小鬼玩的感覺就不會反感",802a4492-c8a9-5ee8-ae5c-fa671b19ce9c,莫斯科2160,蝸牛くも,9.5,連載,"科幻, 戰鬥, 黑暗, GA文庫, 日本輕小說",「永別啦，諸位同志！」西元二一六○年，在美蘇冷戰從未宣告結束的近未來莫斯科。戰後回鄉的生化士兵四處遊盪，遍布每個角落的電腦網路受到有關當局監視，政府組織、西方諸國間諜與黑幫私底下廝殺不斷。在這自由、真相、未來與繁榮全都早已消逝的城市，肉身傭兵丹尼拉‧庫拉金今天依然作為用過即丟的人才「清理人」，一手拿著衝鋒槍在巷弄中奔馳！為了心愛的絲塔西婭，以及等他回家的弟妹們──,3,作品背景為近未來的莫斯科，包含槍砲、生化士兵等元素，完全符合用戶對現代背景與槍砲代入感的需求；主角身分是成熟的傭兵「清理人」，並非從零開始的練等成長路徑，且性格設定為為了家人奮鬥的專業人士，非中二死屁孩，高度契合所有要求。
q8,"希望作品是
1.背景為現代
有槍砲炸藥之類的比較有代入感，對武俠/奇幻沒興趣，現代但有些微科幻/超能力要素沒關係
2.主角不是從0開始練等
漏漏長的成長過程會讓我想睡，大概是從看完鬥破蒼穹那公式化的遇強敵→隊友幫扛→遇到機運→變強反殺→前往下個城鎮→遇強敵，之後再也不想看這種了
3.主角非中二/死屁孩
不要太嚴重就好，隱殺主角偶爾也會屁孩一下但是是那種大人逗小鬼玩的感覺就不會反感",83d07fa3-eb1f-5b99-bc31-16e5f9276b95,殺戮輪迴 ALL YOU NEED IS KILL,櫻坂洋,12.5,完結,"科幻, 戰爭, 集英社, 日本輕小說",「出擊這回事就像段考一樣吧？」當敵人的子彈貫穿身體的瞬間，桐谷啟二又再度回到出擊的前一天。一個距離東京極遠且名為「特牛島」的南方小島激戰區上，一支雜牌軍部隊不斷重複必敗的激烈戰事，出擊、戰死、出擊、戰死──就連死亡都成為每天的例行公事。當這個循環重複第一百五十八次的時候，啟二在狼煙四起的戰場上和一位女性再度重逢……眾所矚目的新銳作家所描繪出既哀傷又充滿奇幻的科幻小說，桐谷啟二最後是否能夠突破令人絕望的戰況，而逃向尚未可見的明天呢！？,3,作品設定為現代戰爭與科幻，包含大量槍砲戰鬥，完全符合用戶對背景的要求；成長方式透過時間循環的經驗累積，而非傳統的練等或公式化升級，避開了用戶反感的成長模式；主角在重複死亡中變得冷靜強悍，不屬於中二或死屁孩類型。整體高度契合。
q8,"希望作品是
1.背景為現代
有槍砲炸藥之類的比較有代入感，對武俠/奇幻沒興趣，現代但有些微科幻/超能力要素沒關係
2.主角不是從0開始練等
漏漏長的成長過程會讓我想睡，大概是從看完鬥破蒼穹那公式化的遇強敵→隊友幫扛→遇到機運→變強反殺→前往下個城鎮→遇強敵，之後再也不想看這種了
3.主角非中二/死屁孩
不要太嚴重就好，隱殺主角偶爾也會屁孩一下但是是那種大人逗小鬼玩的感覺就不會反感",5f57d5c8-c5bc-5d2f-b33d-908ec69358ed,CANAAN 異能者迦南,杉原智則,10.6,連載,"懸疑, 異能, 戰鬥, 犯罪, 角川文庫, 日本輕小說",新手攝影師——大澤瑪利亞前往上海採訪時，被卷進一起離奇案件。在危急存亡之際救了她一命的，竟然是多年來音訊全無的好友——迦南！迦南正在追捕恐怖組織「蛇」的首領，也就是她的死對頭——阿爾法特。儘管她能透過「聯覺」同時掌控各自獨立的五種感官，發揮超越常人的戰鬥能力，阿爾法特的計畫仍然順利進行下去……改編自《428～被封鎖的澀谷～》遊戲之熱門動畫，小說版第一彈登場！,3,作品設定為現代上海，包含犯罪與恐怖組織等元素，符合用戶對現代背景及槍砲戰鬥感的偏好；主角迦南擁有強大的異能且戰鬥能力卓越，並非從零開始成長的練等型主角；主角性格冷靜專業，非中二少年。完全符合用戶的所有核心需求。
q8,"希望作品是
1.背景為現代
有槍砲炸藥之類的比較有代入感，對武俠/奇幻沒興趣，現代但有些微科幻/超能力要素沒關係
2.主角不是從0開始練等
漏漏長的成長過程會讓我想睡，大概是從看完鬥破蒼穹那公式化的遇強敵→隊友幫扛→遇到機運→變強反殺→前往下個城鎮→遇強敵，之後再也不想看這種了
3.主角非中二/死屁孩
不要太嚴重就好，隱殺主角偶爾也會屁孩一下但是是那種大人逗小鬼玩的感覺就不會反感",9dffe1cc-c8f6-50ab-a216-7fc3a7bad262,鬼哭街,虛淵玄,15.2,完結,"科幻, 復仇, 戰鬥, 妹妹, 角川文庫, 日本輕小說",世紀初、隨著Cybernetics技術的實用化，通過肉體的機械化，輕而易舉的獲得超人般的機體能力。為此，由於技術成熟而頹廢了的犯罪都市中，無比兇惡的義體人們橫行於世。出錯的未來、由誰選錯而來的世界。犯罪結社——青雲幫掌控的上海，一個男人回來了。他名為孔濤羅。曾經幫會的殺手。憑藉肉身與義體人抗衡的『電磁發動』的使用者。由於夥伴的背叛在外地，曾徘徊於死亡線上的他，經過一年時間返回了上海。背叛者們已經掌握了幫會的大權。不僅如此、連濤羅最愛的妹妹也遭到虐殺。怒火焚心的濤羅，他的手緊握著復仇的劍。仇人有五個。各個都是兇惡無比的義體人武義者，為了把他們一個接一個的血祭，孤高的劍鬼奔走於魔都上海的黑夜裡。,3,作品設定為現代賽博龐克（Cybernetics），符合用戶對現代及微科幻要素的需求；主角孔濤羅是前幫會殺手，屬於強者回歸而非從零開始練級，避開了用戶厭惡的公式化成長過程；主角性格冷峻且有專業殺手背景，並非中二屁孩。整體高度契合用戶的所有核心需求。
q8,"希望作品是
1.背景為現代
有槍砲炸藥之類的比較有代入感，對武俠/奇幻沒興趣，現代但有些微科幻/超能力要素沒關係
2.主角不是從0開始練等
漏漏長的成長過程會讓我想睡，大概是從看完鬥破蒼穹那公式化的遇強敵→隊友幫扛→遇到機運→變強反殺→前往下個城鎮→遇強敵，之後再也不想看這種了
3.主角非中二/死屁孩
不要太嚴重就好，隱殺主角偶爾也會屁孩一下但是是那種大人逗小鬼玩的感覺就不會反感",899ab516-6d49-5fac-8624-a36452c5974d,DOPE緝毒部特別搜查課,木崎ちあき,11.1,連載,"科幻, 異能, 冒險, 犯罪, 懸疑, 角川文庫, 日本輕小說",能夠將攝取者的能力大幅提升的新型毒品「DOPE」，於近未來的日本流通。第六感比常人更加敏銳，擁有類似預知未來力量的才木優人，因為那個能力被看中而調任緝毒部特別搜查課。他在那裡認識了行為脫離常理，第一印象極度惡劣的指導官——陣內鐵平。性格迥異的兩人組成團隊，聯手解決異能者「DOPER」所引發的可疑事件——！,3,作品設定為近未來日本，符合使用者對現代背景及微科幻/超能力要素的需求。主角在故事開始時就已擁有強大能力並被招募，而非從零開始的公式化成長過程，且故事基調偏向犯罪懸疑，避開了使用者反感的武俠/奇幻練等套路。主角形象目前看來較為穩重，符合非中二/死屁孩的要求。
q8,"希望作品是
1.背景為現代
有槍砲炸藥之類的比較有代入感，對武俠/奇幻沒興趣，現代但有些微科幻/超能力要素沒關係
2.主角不是從0開始練等
漏漏長的成長過程會讓我想睡，大概是從看完鬥破蒼穹那公式化的遇強敵→隊友幫扛→遇到機運→變強反殺→前往下個城鎮→遇強敵，之後再也不想看這種了
3.主角非中二/死屁孩
不要太嚴重就好，隱殺主角偶爾也會屁孩一下但是是那種大人逗小鬼玩的感覺就不會反感",19ae31a5-f791-5f4a-89a8-68eb259053fd,與組織宿敵的甜蜜婚後生活,有象利路,33.6,連載,"異能, 戰鬥, 戀愛, 歡樂向, 電擊文庫, 日本輕小說",這是一部（有點）不太普通的新婚夫妻的甜蜜喜劇。「……超討厭你！」「太巧了，我也是。」曾經隸屬於敵對的異能者組織而互相廝殺的兩人——擁有「羽狩」稱號的犀川狼士、被稱作「白魔」的最強異能者柳良律花。每天都過著浴血奮戰的日子，幾乎沒有正常社會經驗的兩人——「最喜歡狼君了。」「我也喜歡妳，律花。」組織解散後，竟然甜蜜地喜結連理了！他們成為了每天出門前，會在玄關來個「路上小心」吻的熱戀夫妻。但過著幸福生活的兩人，其實也有無法說出口的秘密和煩惱……？,3,作品背景為現代且包含異能要素，符合用戶對現代背景及微科幻/超能力的接受度。主角設定為原組織的頂尖異能者，屬於強者開局，完全避開了用戶厭惡的「從0開始練等」或公式化成長過程。且角色為前特工/戰鬥員，非中二或死屁孩。整體高度符合用戶的需求。
q8,"希望作品是
1.背景為現代
有槍砲炸藥之類的比較有代入感，對武俠/奇幻沒興趣，現代但有些微科幻/超能力要素沒關係
2.主角不是從0開始練等
漏漏長的成長過程會讓我想睡，大概是從看完鬥破蒼穹那公式化的遇強敵→隊友幫扛→遇到機運→變強反殺→前往下個城鎮→遇強敵，之後再也不想看這種了
3.主角非中二/死屁孩
不要太嚴重就好，隱殺主角偶爾也會屁孩一下但是是那種大人逗小鬼玩的感覺就不會反感",092aed93-43d0-5e7b-954f-0401ca86a947,殼中少女,沖方丁,42.4,完結,"科幻, 異能, 戰鬥, 冒險, 懸疑, 黑暗, 其他文庫, 日本輕小說",為什麼是我？──在賭博師榭爾的殘忍設計下，雛妓芭洛特被爆炸火焰所吞蝕。垂死的她被鼠型萬能武器烏夫庫克所拯救，也因此得到了高度電子干擾能力。再次重生的芭洛特想追查榭爾的犯罪行為，但是敵方的負責官卻阻擋在她面前，他也是過去濫用烏夫庫克，干盡殺戮之事的男人……宛如子彈般激情爆發的三部曲系列作品啟動！,3,作品背景為科幻且包含戰鬥與武器（子彈、電子干擾），符合使用者對現代/科幻設定及槍砲要素的偏好；主角並非從零開始的公式化練等成長路徑，而是獲得特定能力後展開復仇，且角色設定為成年人/受害者而非中二屁孩，高度符合使用者的所有要求。
q8,"希望作品是
1.背景為現代
有槍砲炸藥之類的比較有代入感，對武俠/奇幻沒興趣，現代但有些微科幻/超能力要素沒關係
2.主角不是從0開始練等
漏漏長的成長過程會讓我想睡，大概是從看完鬥破蒼穹那公式化的遇強敵→隊友幫扛→遇到機運→變強反殺→前往下個城鎮→遇強敵，之後再也不想看這種了
3.主角非中二/死屁孩
不要太嚴重就好，隱殺主角偶爾也會屁孩一下但是是那種大人逗小鬼玩的感覺就不會反感",8ed8d4ce-da68-5f50-aedd-4f404fe00e5e,夢魔·危機,鐮池和馬,49.7,完結,"科幻, 戰鬥, 後宮, 人外, 電擊文庫, 日本輕小說",允許任何合法或不合法交易行為的假想空間「Money(game)Master」的最強Dealer·蘇芳要與魅魔型的AI搭檔·潔莉卡，他們的獵物是能夠超越物理上限的作弊武器「終之魔法」與一名少女。「但是這樣好喏？老爺您原本可以作為高中生就賺到十七億日元啊。」「就算這樣也還是這邊的事情更優先。」槍與車，再加上投資戰爭。在無論什麼都可以被允許的究極VR犯罪都市裡發生的「救助」是？最強的CrimeAction，開幕。,3,作品背景為VR犯罪都市，包含槍砲、車輛等元素，符合使用者對現代感與槍砲的偏好；主角被設定為「最強Dealer」，符合使用者不希望看到從0開始練等、厭惡公式化成長過程的要求；主角性格表現較為成熟穩重，無明顯中二或死屁孩傾向。
q8,"希望作品是
1.背景為現代
有槍砲炸藥之類的比較有代入感，對武俠/奇幻沒興趣，現代但有些微科幻/超能力要素沒關係
2.主角不是從0開始練等
漏漏長的成長過程會讓我想睡，大概是從看完鬥破蒼穹那公式化的遇強敵→隊友幫扛→遇到機運→變強反殺→前往下個城鎮→遇強敵，之後再也不想看這種了
3.主角非中二/死屁孩
不要太嚴重就好，隱殺主角偶爾也會屁孩一下但是是那種大人逗小鬼玩的感覺就不會反感",19dad1ab-03b5-5f5f-9224-2b4d9042071b,華氏9999,朝倉勛,23.0,完結,"科幻, 間諜, 戰鬥, 後宮, 青梅竹馬, 集英社, 日本輕小說",動畫、漫畫、遊戲、輕小說、公仔模型——在這個時代里全部成為管制項目。在警視廳新設之「御宅族取締機構」焚書課里。高中生搜查官·維刀與國中時期的學姐·奏手伊莉娜齊力，陸續逮捕違規者。然而，私底下的卧人實為一名御宅族。甚至背叛了焚書課，以白聖騎士·艾爾迦特的身份，進行違反規定之活動，獨力對抗政府。某天，一位自稱淑女帕爾姆的女性，委託卧人前往阻止一場隨機恐怖行動。據她所言，一個以廢除御宅族文化管製為訴求的組織「東方革命軍」持有核子武器。實情卻是……！？最強高中生搜查官大顯身手，風格獨特的間諜動作故事就此開幕！,3,該作品完全符合使用者的需求：1. 背景為現代科幻且涉及間諜與核武，非武俠或奇幻；2. 主角設定為「最強高中生搜查官」，開局即強大，非從零開始的練等成長模式；3. 主角身分是雙面間諜且能力出眾，不符合使用者討厭的死屁孩或公式化中二設定。
